avg_beta_t,avg_cos_anchor_region,avg_cos_base_anchor,avg_cos_base_region,avg_cos_rec_base,avg_cos_rec_edit_total,avg_edit_norm,avg_mask_area,avg_rec_energy,avg_rec_norm,complete,eval_mask_area,failure_flag,failure_note,final_mask_area,fixed_eval_mask_area,inside_blue_ratio,inside_mask_l1,inside_mask_psnr,inside_mask_rmse,mask_path,mask_source,max_beta_t,max_edit_norm,max_rec_energy,max_rec_norm,method,method_display,missing,outside_mask_l1,outside_mask_psnr,outside_mask_rmse,peak_gpu_memory_gb,result_image,run,runtime_seconds,seed,source_image,source_l1,source_prompt,source_psnr,source_rmse,source_ssim,source_ssim_luma,target_prompt,task
1.0,0.9396984825531641,1.0000000248352687,0.9396984552343687,-0.33924352067212266,-0.002368563075833663,25.515209058920544,0.0517578125,0.022877107296759885,15.27854593594869,True,0.4468027750651042,,,0.0517578125,,0.0027207012351300585,0.05160712078213692,19.727156219251107,0.10319108741925583,outputs/pretty_matrix/backpack_remove_toy_charm/adaptive_full_generic_support/seed_10/masks/combined.png,run_mask,1.0,78.59740447998047,0.06188984215259552,27.56065559387207,adaptive_full_generic_support,Generic support control,,0.030678514391183853,25.847340932916385,0.05100737258153518,13.919281959533691,outputs/pretty_matrix/backpack_remove_toy_charm/adaptive_full_generic_support/seed_10/result.png,backpack_remove_toy_charm/adaptive_full_generic_support/seed_10,57.57748198113404,10,/workspace/rf_h_edit/data/pretty_free_candidates/unsplash_backpack_keychain_njwnKDUDKNM.jpg,0.04002947732806206,A close-up photo of a grey backpack with a yellow dangling toy charm attached to a pink keychain strap.,22.07817334459438,0.07872113239912835,0.79604759539567,0.79604759539567,"A close-up photo of the same grey backpack with the yellow dangling toy charm removed, pink strap, zipper, and fabric preserved.",backpack_remove_toy_charm
1.0,0.9397075995802879,1.000000002483527,0.939707562327385,-0.3390692329655091,-0.0024255801175362044,25.472922682762146,0.0517578125,0.02287621869860838,15.27788245677948,True,0.4468027750651042,,,0.0517578125,,0.0027207012351300585,0.05159022659063339,19.737573645343605,0.1030673993243356,outputs/pretty_matrix/backpack_remove_toy_charm/adaptive_full_generic_support/seed_11/masks/combined.png,run_mask,1.0,78.59740447998047,0.06188984215259552,27.56065559387207,adaptive_full_generic_support,Generic support control,,0.030680201947689056,25.84695851826682,0.05100961833835754,13.795706748962402,outputs/pretty_matrix/backpack_remove_toy_charm/adaptive_full_generic_support/seed_11/result.png,backpack_remove_toy_charm/adaptive_full_generic_support/seed_11,50.56945652212016,11,/workspace/rf_h_edit/data/pretty_free_candidates/unsplash_backpack_keychain_njwnKDUDKNM.jpg,0.04002286493778229,A close-up photo of a grey backpack with a yellow dangling toy charm attached to a pink keychain strap.,22.086080604133752,0.07864950068346238,0.7960611597298671,0.7960611597298671,"A close-up photo of the same grey backpack with the yellow dangling toy charm removed, pink strap, zipper, and fabric preserved.",backpack_remove_toy_charm
1.0,0.9396949658791224,1.0000000074505806,0.9396949708461761,-0.3391972202807665,-0.0024273803043494504,25.46425739924113,0.0517578125,0.022882732625779074,15.281344215075174,True,0.4468027750651042,,,0.0517578125,,0.0027093175479537823,0.051597461104393005,19.729606114870393,0.10316198599681656,outputs/pretty_matrix/backpack_remove_toy_charm/adaptive_full_generic_support/seed_12/masks/combined.png,run_mask,1.0,78.59740447998047,0.06188984215259552,27.56065559387207,adaptive_full_generic_support,Generic support control,,0.030688833445310593,25.842989069385393,0.051032935045638925,13.795706748962402,outputs/pretty_matrix/backpack_remove_toy_charm/adaptive_full_generic_support/seed_12/result.png,backpack_remove_toy_charm/adaptive_full_generic_support/seed_12,94.73526611691341,12,/workspace/rf_h_edit/data/pretty_free_candidates/unsplash_backpack_keychain_njwnKDUDKNM.jpg,0.04003087803721428,A close-up photo of a grey backpack with a yellow dangling toy charm attached to a pink keychain strap.,22.07904182510709,0.07871326166228643,0.7959940607357827,0.7959940607357827,"A close-up photo of the same grey backpack with the yellow dangling toy charm removed, pink strap, zipper, and fabric preserved.",backpack_remove_toy_charm
1.0,0.0,0.0,0.0,0.0,0.0,0.0,0.0309244804084301,0.0,0.0,True,0.4486236572265625,,,0.0309244804084301,,6.802489711234312e-05,0.0724727213382721,18.92841013635715,0.11313044441410078,outputs/pretty_matrix/backpack_remove_toy_charm/base_only/seed_10/masks/combined.png,run_mask,1.0,0.0,0.0,0.0,base_only,RF reconstruction / base reconstruction,,0.06377851217985153,20.19544258579712,0.09777501037557855,12.22925329208374,outputs/pretty_matrix/backpack_remove_toy_charm/base_only/seed_10/result.png,backpack_remove_toy_charm/base_only/seed_10,69.12757796002552,10,/workspace/rf_h_edit/data/pretty_free_candidates/unsplash_backpack_keychain_njwnKDUDKNM.jpg,0.06767892837524414,A close-up photo of a grey backpack with a yellow dangling toy charm attached to a pink keychain strap.,19.58100667034671,0.10494207966650737,0.6146133566215531,0.6146133566215531,"A close-up photo of the same grey backpack with the yellow dangling toy charm removed, pink strap, zipper, and fabric preserved.",backpack_remove_toy_charm
1.0,0.0,0.0,0.0,0.0,0.0,0.0,0.0309244804084301,0.0,0.0,True,0.4486236572265625,,,0.0309244804084301,,6.802489711234312e-05,0.0724727213382721,18.92841013635715,0.11313044441410078,outputs/pretty_matrix/backpack_remove_toy_charm/base_only/seed_11/masks/combined.png,run_mask,1.0,0.0,0.0,0.0,base_only,RF reconstruction / base reconstruction,,0.06377851217985153,20.19544258579712,0.09777501037557855,12.22229528427124,outputs/pretty_matrix/backpack_remove_toy_charm/base_only/seed_11/result.png,backpack_remove_toy_charm/base_only/seed_11,58.2056801749859,11,/workspace/rf_h_edit/data/pretty_free_candidates/unsplash_backpack_keychain_njwnKDUDKNM.jpg,0.06767892837524414,A close-up photo of a grey backpack with a yellow dangling toy charm attached to a pink keychain strap.,19.58100667034671,0.10494207966650737,0.6146133566215531,0.6146133566215531,"A close-up photo of the same grey backpack with the yellow dangling toy charm removed, pink strap, zipper, and fabric preserved.",backpack_remove_toy_charm
1.0,0.0,0.0,0.0,0.0,0.0,0.0,0.0309244804084301,0.0,0.0,True,0.4486236572265625,,,0.0309244804084301,,6.802489711234312e-05,0.0724727213382721,18.92841013635715,0.11313044441410078,outputs/pretty_matrix/backpack_remove_toy_charm/base_only/seed_12/masks/combined.png,run_mask,1.0,0.0,0.0,0.0,base_only,RF reconstruction / base reconstruction,,0.06377851217985153,20.19544258579712,0.09777501037557855,12.22229528427124,outputs/pretty_matrix/backpack_remove_toy_charm/base_only/seed_12/result.png,backpack_remove_toy_charm/base_only/seed_12,25.688713454874232,12,/workspace/rf_h_edit/data/pretty_free_candidates/unsplash_backpack_keychain_njwnKDUDKNM.jpg,0.06767892837524414,A close-up photo of a grey backpack with a yellow dangling toy charm attached to a pink keychain strap.,19.58100667034671,0.10494207966650737,0.6146133566215531,0.6146133566215531,"A close-up photo of the same grey backpack with the yellow dangling toy charm removed, pink strap, zipper, and fabric preserved.",backpack_remove_toy_charm
1.0,0.9703656832377116,1.0,0.9703656782706579,0.0,0.0,16.16472073396047,0.0309244804084301,0.0,0.0,True,0.4486236572265625,,,0.0309244804084301,,7.93623799644003e-05,0.09981563687324524,16.238301391360757,0.15420019766730567,outputs/pretty_matrix/backpack_remove_toy_charm/direct_target/seed_10/masks/combined.png,run_mask,1.0,52.38732147216797,0.0,0.0,direct_target,Direct target guidance,,0.07646656781435013,18.473795746266784,0.11920932055663659,12.22925329208374,outputs/pretty_matrix/backpack_remove_toy_charm/direct_target/seed_10/result.png,backpack_remove_toy_charm/direct_target/seed_10,31.826905897120014,10,/workspace/rf_h_edit/data/pretty_free_candidates/unsplash_backpack_keychain_njwnKDUDKNM.jpg,0.08694150298833847,A close-up photo of a grey backpack with a yellow dangling toy charm attached to a pink keychain strap.,17.327632498628383,0.13602488739842972,0.5618740349401752,0.5618740349401752,"A close-up photo of the same grey backpack with the yellow dangling toy charm removed, pink strap, zipper, and fabric preserved.",backpack_remove_toy_charm
1.0,0.9703656832377116,1.0,0.9703656782706579,0.0,0.0,16.16472073396047,0.0309244804084301,0.0,0.0,True,0.4486236572265625,,,0.0309244804084301,,7.93623799644003e-05,0.09981563687324524,16.238301391360757,0.15420019766730567,outputs/pretty_matrix/backpack_remove_toy_charm/direct_target/seed_11/masks/combined.png,run_mask,1.0,52.38732147216797,0.0,0.0,direct_target,Direct target guidance,,0.07646656781435013,18.473795746266784,0.11920932055663659,12.22229528427124,outputs/pretty_matrix/backpack_remove_toy_charm/direct_target/seed_11/result.png,backpack_remove_toy_charm/direct_target/seed_11,27.17684053303674,11,/workspace/rf_h_edit/data/pretty_free_candidates/unsplash_backpack_keychain_njwnKDUDKNM.jpg,0.08694150298833847,A close-up photo of a grey backpack with a yellow dangling toy charm attached to a pink keychain strap.,17.327632498628383,0.13602488739842972,0.5618740349401752,0.5618740349401752,"A close-up photo of the same grey backpack with the yellow dangling toy charm removed, pink strap, zipper, and fabric preserved.",backpack_remove_toy_charm
1.0,0.9703656832377116,1.0,0.9703656782706579,0.0,0.0,16.16472073396047,0.0309244804084301,0.0,0.0,True,0.4486236572265625,,,0.0309244804084301,,7.93623799644003e-05,0.09981563687324524,16.238301391360757,0.15420019766730567,outputs/pretty_matrix/backpack_remove_toy_charm/direct_target/seed_12/masks/combined.png,run_mask,1.0,52.38732147216797,0.0,0.0,direct_target,Direct target guidance,,0.07646656781435013,18.473795746266784,0.11920932055663659,12.22229528427124,outputs/pretty_matrix/backpack_remove_toy_charm/direct_target/seed_12/result.png,backpack_remove_toy_charm/direct_target/seed_12,27.724724531173706,12,/workspace/rf_h_edit/data/pretty_free_candidates/unsplash_backpack_keychain_njwnKDUDKNM.jpg,0.08694150298833847,A close-up photo of a grey backpack with a yellow dangling toy charm attached to a pink keychain strap.,17.327632498628383,0.13602488739842972,0.5618740349401752,0.5618740349401752,"A close-up photo of the same grey backpack with the yellow dangling toy charm removed, pink strap, zipper, and fabric preserved.",backpack_remove_toy_charm
1.0,0.9371810679634412,0.9999999925494194,0.9371810605128607,-0.33755887920657796,-6.777340636906122e-05,39.89629844824473,0.1253255307674408,0.018025594210484996,17.351293722788494,True,0.13348897298177084,,,0.1253255307674408,,0.0,0.21205852925777435,11.719488341588667,0.2594332181558358,outputs/pretty_matrix/backpack_remove_toy_charm/support_v3_controller_rmsgap/seed_10/masks/operation_v3_edit_mask.png,run_mask,1.0,131.68563842773438,0.0523453913629055,37.33991241455078,support_v3_controller_rmsgap,DeCE-RF,,0.030538124963641167,25.555293784553005,0.05275156041324384,13.9203462600708,outputs/pretty_matrix/backpack_remove_toy_charm/support_v3_controller_rmsgap/seed_10/result.png,backpack_remove_toy_charm/support_v3_controller_rmsgap/seed_10,100.46978207095526,10,/workspace/rf_h_edit/data/pretty_free_candidates/unsplash_backpack_keychain_njwnKDUDKNM.jpg,0.05476909875869751,A close-up photo of a grey backpack with a yellow dangling toy charm attached to a pink keychain strap.,19.432544387944308,0.10675120367090729,0.7370201436651805,0.7370201436651805,"A close-up photo of the same grey backpack with the yellow dangling toy charm removed, pink strap, zipper, and fabric preserved.",backpack_remove_toy_charm
1.0,0.9371569479505221,1.000000002483527,0.9371569231152534,-0.3367338441312313,-9.229888780737383e-05,40.19553089141846,0.1253255307674408,0.018022096094985802,17.35198434193929,True,0.13348897298177084,,,0.1253255307674408,,0.0,0.2116168737411499,11.717231786052253,0.2595006265090627,outputs/pretty_matrix/backpack_remove_toy_charm/support_v3_controller_rmsgap/seed_11/masks/operation_v3_edit_mask.png,run_mask,1.0,131.68563842773438,0.0523453913629055,37.33991241455078,support_v3_controller_rmsgap,DeCE-RF,,0.030627628788352013,25.49407830689202,0.05312465034748463,13.796793937683105,outputs/pretty_matrix/backpack_remove_toy_charm/support_v3_controller_rmsgap/seed_11/result.png,backpack_remove_toy_charm/support_v3_controller_rmsgap/seed_11,101.1673686769791,11,/workspace/rf_h_edit/data/pretty_free_candidates/unsplash_backpack_keychain_njwnKDUDKNM.jpg,0.05478769913315773,A close-up photo of a grey backpack with a yellow dangling toy charm attached to a pink keychain strap.,19.41774646161568,0.10693322795648587,0.7364144297853068,0.7364144297853068,"A close-up photo of the same grey backpack with the yellow dangling toy charm removed, pink strap, zipper, and fabric preserved.",backpack_remove_toy_charm
1.0,0.9371797020236651,1.0000000049670537,0.9371797069907188,-0.3373749889433384,-6.818522880773041e-05,39.86592197418213,0.1253255307674408,0.01801959683264916,17.348203937212627,True,0.13348897298177084,,,0.1253255307674408,,0.0,0.21167422831058502,11.723900060925763,0.2593014808238829,outputs/pretty_matrix/backpack_remove_toy_charm/support_v3_controller_rmsgap/seed_12/masks/operation_v3_edit_mask.png,run_mask,1.0,131.68563842773438,0.0523453913629055,37.33991241455078,support_v3_controller_rmsgap,DeCE-RF,,0.03056628629565239,25.547385250842787,0.0527996127710561,13.796759605407715,outputs/pretty_matrix/backpack_remove_toy_charm/support_v3_controller_rmsgap/seed_12/result.png,backpack_remove_toy_charm/support_v3_controller_rmsgap/seed_12,95.20300031802617,12,/workspace/rf_h_edit/data/pretty_free_candidates/unsplash_backpack_keychain_njwnKDUDKNM.jpg,0.054742198437452316,A close-up photo of a grey backpack with a yellow dangling toy charm attached to a pink keychain strap.,19.434347080678222,0.10672905053992392,0.7372399248202065,0.7372399248202065,"A close-up photo of the same grey backpack with the yellow dangling toy charm removed, pink strap, zipper, and fabric preserved.",backpack_remove_toy_charm
1.0,0.9458295976122221,0.9999999751647314,0.9458295851945877,-0.2965066072841485,-0.00024345963978097038,38.689326445261635,0.1253255307674408,0.020078148508522038,11.383154034614563,True,0.13348897298177084,,,0.1253255307674408,,0.0,0.21218731999397278,11.727440564793564,0.2591958070412188,outputs/pretty_matrix/backpack_remove_toy_charm/support_v3_fixed/seed_10/masks/operation_v3_edit_mask.png,run_mask,1.0,131.68563842773438,0.0523453913629055,17.840450286865234,support_v3_fixed,Fixed DeCE displacement,,0.03142925724387169,25.422459149976593,0.053564498417990776,13.919110298156738,outputs/pretty_matrix/backpack_remove_toy_charm/support_v3_fixed/seed_10/result.png,backpack_remove_toy_charm/support_v3_fixed/seed_10,100.81710394890979,10,/workspace/rf_h_edit/data/pretty_free_candidates/unsplash_backpack_keychain_njwnKDUDKNM.jpg,0.055558476597070694,A close-up photo of a grey backpack with a yellow dangling toy charm attached to a pink keychain strap.,19.41032434277804,0.10702464177273975,0.7393648053210533,0.7393648053210533,"A close-up photo of the same grey backpack with the yellow dangling toy charm removed, pink strap, zipper, and fabric preserved.",backpack_remove_toy_charm
1.0,0.9421393101414045,1.0000000124176343,0.9421393324931463,-0.2975299923370282,-0.00024327856875553758,39.22967771689097,0.1253255307674408,0.020055576305215556,11.363727649052938,True,0.13348897298177084,,,0.1253255307674408,,0.0,0.21187616884708405,11.763125207161679,0.2581331253389295,outputs/pretty_matrix/backpack_remove_toy_charm/support_v3_fixed/seed_11/masks/operation_v3_edit_mask.png,run_mask,1.0,131.68563842773438,0.0523453913629055,17.775266647338867,support_v3_fixed,Fixed DeCE displacement,,0.03131949156522751,25.435575865957617,0.05348367076399554,13.793793678283691,outputs/pretty_matrix/backpack_remove_toy_charm/support_v3_fixed/seed_11/result.png,backpack_remove_toy_charm/support_v3_fixed/seed_11,94.35449261311442,11,/workspace/rf_h_edit/data/pretty_free_candidates/unsplash_backpack_keychain_njwnKDUDKNM.jpg,0.05542181432247162,A close-up photo of a grey backpack with a yellow dangling toy charm attached to a pink keychain strap.,19.441099803290598,0.10664610778771166,0.7385926263912529,0.7385926263912529,"A close-up photo of the same grey backpack with the yellow dangling toy charm removed, pink strap, zipper, and fabric preserved.",backpack_remove_toy_charm
1.0,0.9457487265268961,1.0000000273187954,0.9457487389445305,-0.2968748230487108,-0.00023347449390106098,38.742331663767494,0.1253255307674408,0.020061408741942916,11.380194107691446,True,0.13348897298177084,,,0.1253255307674408,,0.0,0.21227487921714783,11.718539916736205,0.2594615475907966,outputs/pretty_matrix/backpack_remove_toy_charm/support_v3_fixed/seed_12/masks/operation_v3_edit_mask.png,run_mask,1.0,131.68563842773438,0.0523453913629055,17.84459686279297,support_v3_fixed,Fixed DeCE displacement,,0.03143339231610298,25.423593763802003,0.053557501892162726,13.793793678283691,outputs/pretty_matrix/backpack_remove_toy_charm/support_v3_fixed/seed_12/result.png,backpack_remove_toy_charm/support_v3_fixed/seed_12,95.48458684491925,12,/workspace/rf_h_edit/data/pretty_free_candidates/unsplash_backpack_keychain_njwnKDUDKNM.jpg,0.05557374283671379,A close-up photo of a grey backpack with a yellow dangling toy charm attached to a pink keychain strap.,19.403600579912627,0.10710752181600107,0.739594190072636,0.739594190072636,"A close-up photo of the same grey backpack with the yellow dangling toy charm removed, pink strap, zipper, and fabric preserved.",backpack_remove_toy_charm
1.0,0.9374190693100294,1.0,0.937419074277083,-0.4213687951366107,-0.0014240572503088818,38.087329149246216,0.0509672611951828,0.025608243444973294,15.054943641026815,True,0.7663109188988095,,,0.0509672611951828,,0.1551467799438671,0.06730806082487106,18.269798987789578,0.12204220638959484,outputs/pretty_matrix/cat_crown/adaptive_full_generic_support/seed_10/masks/combined.png,run_mask,1.0,73.41099548339844,0.07527968287467957,27.796995162963867,adaptive_full_generic_support,Generic support control,,0.02841155417263508,27.677280759001764,0.04131768326148681,13.380748271942139,outputs/pretty_matrix/cat_crown/adaptive_full_generic_support/seed_10/result.png,cat_crown/adaptive_full_generic_support/seed_10,77.85174330091104,10,/workspace/rf_h_edit/data/paper_images/cat_sitting_in_grass.jpg,0.05821836739778519,A photo of a cat sitting in grass.,19.276542167149323,0.10868582132802408,0.6587047557372241,0.6587047557372241,"A photo of the same cat sitting in the same grass, wearing a small golden crown on its head.",cat_crown
1.0,0.938508560260137,1.0000000124176343,0.93850855777661,-0.4199557552735011,-0.0013486088916276155,38.897640307744346,0.0509672611951828,0.025670879040262662,15.093058824539185,True,0.7663109188988095,,,0.0509672611951828,,0.15349313509823256,0.06670854240655899,18.378648401178108,0.12052234688753338,outputs/pretty_matrix/cat_crown/adaptive_full_generic_support/seed_11/masks/combined.png,run_mask,1.0,73.22744750976562,0.07527968287467957,27.796995162963867,adaptive_full_generic_support,Generic support control,,0.0285329669713974,27.626837463112274,0.04155833378056219,13.380748271942139,outputs/pretty_matrix/cat_crown/adaptive_full_generic_support/seed_11/result.png,cat_crown/adaptive_full_generic_support/seed_11,65.602903123945,11,/workspace/rf_h_edit/data/paper_images/cat_sitting_in_grass.jpg,0.05778733268380165,A photo of a cat sitting in grass.,19.379917262731723,0.10739996426546668,0.6573653059095208,0.6573653059095208,"A photo of the same cat sitting in the same grass, wearing a small golden crown on its head.",cat_crown
1.0,0.9378162249922752,1.000000037252903,0.9378162349263827,-0.42018091306090355,-0.0013414189249184953,38.04706104596456,0.0509672611951828,0.025664023676654324,15.092612584431967,True,0.7663109188988095,,,0.0509672611951828,,0.1531366153379352,0.06733302026987076,18.287256716944697,0.12179716066763742,outputs/pretty_matrix/cat_crown/adaptive_full_generic_support/seed_12/masks/combined.png,run_mask,1.0,73.43817901611328,0.07527968287467957,27.796995162963867,adaptive_full_generic_support,Generic support control,,0.028434285894036293,27.669003945025633,0.041357073788039385,13.382246971130371,outputs/pretty_matrix/cat_crown/adaptive_full_generic_support/seed_12/result.png,cat_crown/adaptive_full_generic_support/seed_12,75.44735418492928,12,/workspace/rf_h_edit/data/paper_images/cat_sitting_in_grass.jpg,0.05824281647801399,A photo of a cat sitting in grass.,19.29312834111829,0.10847847792953985,0.6571465538888174,0.6571465538888174,"A photo of the same cat sitting in the same grass, wearing a small golden crown on its head.",cat_crown
1.0,0.0,0.0,0.0,0.0,0.0,0.0,0.1439732164144516,0.0,0.0,True,0.7385660807291666,,,0.1439732164144516,,0.055054030868035606,0.08676210045814514,18.262849108694528,0.12213989563424431,outputs/pretty_matrix/cat_crown/base_only/seed_10/masks/combined.png,run_mask,1.0,0.0,0.0,0.0,base_only,RF reconstruction / base reconstruction,,0.07017644494771957,20.374922112067612,0.09577538234292836,12.228387355804443,outputs/pretty_matrix/cat_crown/base_only/seed_10/result.png,cat_crown/base_only/seed_10,88.60925099416636,10,/workspace/rf_h_edit/data/paper_images/cat_sitting_in_grass.jpg,0.0824260413646698,A photo of a cat sitting in grass.,18.72371894903326,0.11582813204378452,0.51215370209805,0.51215370209805,"A photo of the same cat sitting in the same grass, wearing a small golden crown on its head.",cat_crown
1.0,0.0,0.0,0.0,0.0,0.0,0.0,0.1439732164144516,0.0,0.0,True,0.7385660807291666,,,0.1439732164144516,,0.055054030868035606,0.08676210045814514,18.262849108694528,0.12213989563424431,outputs/pretty_matrix/cat_crown/base_only/seed_11/masks/combined.png,run_mask,1.0,0.0,0.0,0.0,base_only,RF reconstruction / base reconstruction,,0.07017644494771957,20.374922112067612,0.09577538234292836,12.228387355804443,outputs/pretty_matrix/cat_crown/base_only/seed_11/result.png,cat_crown/base_only/seed_11,83.23979535792023,11,/workspace/rf_h_edit/data/paper_images/cat_sitting_in_grass.jpg,0.0824260413646698,A photo of a cat sitting in grass.,18.72371894903326,0.11582813204378452,0.51215370209805,0.51215370209805,"A photo of the same cat sitting in the same grass, wearing a small golden crown on its head.",cat_crown
1.0,0.0,0.0,0.0,0.0,0.0,0.0,0.1439732164144516,0.0,0.0,True,0.7385660807291666,,,0.1439732164144516,,0.055054030868035606,0.08676210045814514,18.262849108694528,0.12213989563424431,outputs/pretty_matrix/cat_crown/base_only/seed_12/masks/combined.png,run_mask,1.0,0.0,0.0,0.0,base_only,RF reconstruction / base reconstruction,,0.07017644494771957,20.374922112067612,0.09577538234292836,12.228387355804443,outputs/pretty_matrix/cat_crown/base_only/seed_12/result.png,cat_crown/base_only/seed_12,49.95043410384096,12,/workspace/rf_h_edit/data/paper_images/cat_sitting_in_grass.jpg,0.0824260413646698,A photo of a cat sitting in grass.,18.72371894903326,0.11582813204378452,0.51215370209805,0.51215370209805,"A photo of the same cat sitting in the same grass, wearing a small golden crown on its head.",cat_crown
1.0,0.9265108729402224,1.0000000223517418,0.9265108729402224,0.0,0.0,86.26876147588094,0.1439732164144516,0.0,0.0,True,0.7385660807291666,,,0.1439732164144516,,0.07029128658790937,0.13393302261829376,14.320285065826784,0.19230286151980697,outputs/pretty_matrix/cat_crown/direct_target/seed_10/masks/combined.png,run_mask,1.0,192.264404296875,0.0,0.0,direct_target,Direct target guidance,,0.09752251207828522,17.56236592812259,0.1323980850185322,12.228387355804443,outputs/pretty_matrix/cat_crown/direct_target/seed_10/result.png,cat_crown/direct_target/seed_10,100.41507149883546,10,/workspace/rf_h_edit/data/paper_images/cat_sitting_in_grass.jpg,0.12441408634185791,A photo of a cat sitting in grass.,14.96274597010114,0.17859228812726605,0.43582138269391796,0.43582138269391796,"A photo of the same cat sitting in the same grass, wearing a small golden crown on its head.",cat_crown
1.0,0.9265108729402224,1.0000000223517418,0.9265108729402224,0.0,0.0,86.26876147588094,0.1439732164144516,0.0,0.0,True,0.7385660807291666,,,0.1439732164144516,,0.07029128658790937,0.13393302261829376,14.320285065826784,0.19230286151980697,outputs/pretty_matrix/cat_crown/direct_target/seed_11/masks/combined.png,run_mask,1.0,192.264404296875,0.0,0.0,direct_target,Direct target guidance,,0.09752251207828522,17.56236592812259,0.1323980850185322,12.228387355804443,outputs/pretty_matrix/cat_crown/direct_target/seed_11/result.png,cat_crown/direct_target/seed_11,67.39558223308995,11,/workspace/rf_h_edit/data/paper_images/cat_sitting_in_grass.jpg,0.12441408634185791,A photo of a cat sitting in grass.,14.96274597010114,0.17859228812726605,0.43582138269391796,0.43582138269391796,"A photo of the same cat sitting in the same grass, wearing a small golden crown on its head.",cat_crown
1.0,0.9265108729402224,1.0000000223517418,0.9265108729402224,0.0,0.0,86.26876147588094,0.1439732164144516,0.0,0.0,True,0.7385660807291666,,,0.1439732164144516,,0.07029128658790937,0.13393302261829376,14.320285065826784,0.19230286151980697,outputs/pretty_matrix/cat_crown/direct_target/seed_12/masks/combined.png,run_mask,1.0,192.264404296875,0.0,0.0,direct_target,Direct target guidance,,0.09752251207828522,17.56236592812259,0.1323980850185322,12.228387355804443,outputs/pretty_matrix/cat_crown/direct_target/seed_12/result.png,cat_crown/direct_target/seed_12,46.027922465931624,12,/workspace/rf_h_edit/data/paper_images/cat_sitting_in_grass.jpg,0.12441408634185791,A photo of a cat sitting in grass.,14.96274597010114,0.17859228812726605,0.43582138269391796,0.43582138269391796,"A photo of the same cat sitting in the same grass, wearing a small golden crown on its head.",cat_crown
1.0,0.9245982517798742,1.0000000223517418,0.9245982244610786,-0.4813045884172122,-0.0003413903835583672,51.13659461339315,0.02566964365541935,0.026564939485979266,20.981332898139954,True,0.03527250744047619,,,0.02566964365541935,,0.012359920896506262,0.13506706058979034,13.285599243420837,0.21663071734570738,outputs/pretty_matrix/cat_crown/support_v3_controller_rmsgap/seed_10/masks/operation_v3_edit_mask.png,run_mask,1.0,107.28763580322266,0.08434727787971497,48.056922912597656,support_v3_controller_rmsgap,DeCE-RF,,0.05404103174805641,20.144450703256794,0.09835070215791764,13.381706714630127,outputs/pretty_matrix/cat_crown/support_v3_controller_rmsgap/seed_10/result.png,cat_crown/support_v3_controller_rmsgap/seed_10,74.25206209998578,10,/workspace/rf_h_edit/data/paper_images/cat_sitting_in_grass.jpg,0.05689902976155281,A photo of a cat sitting in grass.,19.591219217314272,0.10481876516895344,0.650285341308566,0.650285341308566,"A photo of the same cat sitting in the same grass, wearing a small golden crown on its head.",cat_crown
1.0,0.9251640637715658,1.0000000149011612,0.9251640563209852,-0.4811501068373521,-0.00026198737858370197,52.10152769088745,0.02566964365541935,0.02655175531981513,20.965964476267498,True,0.03527250744047619,,,0.02566964365541935,,0.015655899802241267,0.13898539543151855,13.145105432494208,0.22016319971912837,outputs/pretty_matrix/cat_crown/support_v3_controller_rmsgap/seed_11/masks/operation_v3_edit_mask.png,run_mask,1.0,111.37157440185547,0.08434727787971497,48.056922912597656,support_v3_controller_rmsgap,DeCE-RF,,0.054050642997026443,20.13976955678181,0.09840372126659486,13.255289554595947,outputs/pretty_matrix/cat_crown/support_v3_controller_rmsgap/seed_11/result.png,cat_crown/support_v3_controller_rmsgap/seed_11,128.13554282812402,11,/workspace/rf_h_edit/data/paper_images/cat_sitting_in_grass.jpg,0.057046517729759216,A photo of a cat sitting in grass.,19.56580190828229,0.10512594301382525,0.6504116401816777,0.6504116401816777,"A photo of the same cat sitting in the same grass, wearing a small golden crown on its head.",cat_crown
1.0,0.9250591124097506,1.0000000099341075,0.9250590999921163,-0.48148030415177345,-0.0003335764001045997,51.118948658307396,0.02566964365541935,0.026571409640988957,20.9822332461675,True,0.03527250744047619,,,0.02566964365541935,,0.012524719841793012,0.1337747573852539,13.3559783235901,0.2148825176981069,outputs/pretty_matrix/cat_crown/support_v3_controller_rmsgap/seed_12/masks/operation_v3_edit_mask.png,run_mask,1.0,106.23957824707031,0.08434727787971497,48.056922912597656,support_v3_controller_rmsgap,DeCE-RF,,0.05404061824083328,20.14427508485476,0.09835269071274443,13.255289554595947,outputs/pretty_matrix/cat_crown/support_v3_controller_rmsgap/seed_12/result.png,cat_crown/support_v3_controller_rmsgap/seed_12,84.28995084087364,12,/workspace/rf_h_edit/data/paper_images/cat_sitting_in_grass.jpg,0.0568530298769474,A photo of a cat sitting in grass.,19.601599380547754,0.10469357522730473,0.6504726435799123,0.6504726435799123,"A photo of the same cat sitting in the same grass, wearing a small golden crown on its head.",cat_crown
1.0,0.9285126229127248,1.0000000074505806,0.9285126104950905,-0.42366763452688855,-0.0004189906114030843,50.29681799809138,0.02566964365541935,0.029078877967549488,11.69955595334371,True,0.03527250744047619,,,0.02566964365541935,,0.007251153592617007,0.1689656525850296,12.07257980670125,0.24909844110455545,outputs/pretty_matrix/cat_crown/support_v3_fixed/seed_10/masks/operation_v3_edit_mask.png,run_mask,1.0,121.8409423828125,0.08434727787971497,17.948619842529297,support_v3_fixed,Fixed DeCE displacement,,0.053758420050144196,20.211066028928183,0.09759929903704018,13.380579948425293,outputs/pretty_matrix/cat_crown/support_v3_fixed/seed_10/result.png,cat_crown/support_v3_fixed/seed_10,95.37233806797303,10,/workspace/rf_h_edit/data/paper_images/cat_sitting_in_grass.jpg,0.05782207101583481,A photo of a cat sitting in grass.,19.43922925384513,0.10666907702953686,0.6501785700551908,0.6501785700551908,"A photo of the same cat sitting in the same grass, wearing a small golden crown on its head.",cat_crown
1.0,0.9287576327721278,1.0000000223517418,0.9287576451897621,-0.42384908596674603,-0.00036537021863599267,50.17795976003011,0.02566964365541935,0.02903224999802963,11.685515801111857,True,0.03527250744047619,,,0.02566964365541935,,0.004119973632168754,0.16515354812145233,12.228492440704649,0.24466698934499562,outputs/pretty_matrix/cat_crown/support_v3_fixed/seed_11/masks/operation_v3_edit_mask.png,run_mask,1.0,122.48226928710938,0.08434727787971497,17.948619842529297,support_v3_fixed,Fixed DeCE displacement,,0.053729165345430374,20.212487858632638,0.09758332390599214,13.380579948425293,outputs/pretty_matrix/cat_crown/support_v3_fixed/seed_11/result.png,cat_crown/support_v3_fixed/seed_11,87.53777218400501,11,/workspace/rf_h_edit/data/paper_images/cat_sitting_in_grass.jpg,0.05765938386321068,A photo of a cat sitting in grass.,19.469943887863003,0.10629254499097703,0.6504862763885558,0.6504862763885558,"A photo of the same cat sitting in the same grass, wearing a small golden crown on its head.",cat_crown
1.0,0.9284632429480553,1.000000037252903,0.9284632603327433,-0.423172514885664,-0.00037990045863504446,50.11942501862844,0.02566964365541935,0.02912614117182481,11.712763150533041,True,0.03527250744047619,,,0.02566964365541935,,0.005767963085036256,0.16921555995941162,12.055087048509325,0.2496006129820874,outputs/pretty_matrix/cat_crown/support_v3_fixed/seed_12/masks/operation_v3_edit_mask.png,run_mask,1.0,122.55848693847656,0.08434727787971497,17.948619842529297,support_v3_fixed,Fixed DeCE displacement,,0.053759023547172546,20.21156794790558,0.09759365937005536,13.380579948425293,outputs/pretty_matrix/cat_crown/support_v3_fixed/seed_12/result.png,cat_crown/support_v3_fixed/seed_12,96.8405449250713,12,/workspace/rf_h_edit/data/paper_images/cat_sitting_in_grass.jpg,0.05783146619796753,A photo of a cat sitting in grass.,19.436264549658205,0.10670549197943507,0.6503439700355957,0.6503439700355957,"A photo of the same cat sitting in the same grass, wearing a small golden crown on its head.",cat_crown
1.0,0.9257698928316435,0.9999999726812044,0.9257699077328047,-0.409617076938351,-0.0014878966442969006,53.15254815419515,0.04843749850988388,0.015112708759261295,12.137349406878153,True,0.7773193359375,,,0.04843749850988388,,0.10534250447564308,0.05760805308818817,19.376414611378138,0.10744328285524252,outputs/pretty_matrix/dog_sunglasses/adaptive_full_generic_support/seed_10/masks/combined.png,run_mask,1.0,170.1695556640625,0.04309543967247009,21.213167190551758,adaptive_full_generic_support,Generic support control,,0.04034651070833206,22.373212379476428,0.0760920668930871,14.110691547393799,outputs/pretty_matrix/dog_sunglasses/adaptive_full_generic_support/seed_10/result.png,dog_sunglasses/adaptive_full_generic_support/seed_10,76.99938102299348,10,/workspace/rf_h_edit/data/pretty_free_candidates/unsplash_dog_front_malinois_PGlA5efHOiI.jpg,0.05376424640417099,A front-facing portrait of a dog in snow.,19.887364042268395,0.10130521390273182,0.6339008832264359,0.6339008832264359,A front-facing portrait of the same dog wearing black sunglasses in snow.,dog_sunglasses
1.0,0.9259821648399035,1.0000000322858493,0.9259821772575378,-0.40921481388310593,-0.0015559518459250892,53.27538255850474,0.04843749850988388,0.015119848646766817,12.143054127693176,True,0.7773193359375,,,0.04843749850988388,,0.10540532051886052,0.05762937664985657,19.37316545217882,0.10748348203438685,outputs/pretty_matrix/dog_sunglasses/adaptive_full_generic_support/seed_11/masks/combined.png,run_mask,1.0,170.1695556640625,0.04309543967247009,21.213167190551758,adaptive_full_generic_support,Generic support control,,0.04039409011602402,22.35455894598897,0.07625565445367807,13.976200580596924,outputs/pretty_matrix/dog_sunglasses/adaptive_full_generic_support/seed_11/result.png,dog_sunglasses/adaptive_full_generic_support/seed_11,56.99390418920666,11,/workspace/rf_h_edit/data/pretty_free_candidates/unsplash_dog_front_malinois_PGlA5efHOiI.jpg,0.05379141494631767,A front-facing portrait of a dog in snow.,19.882179427765266,0.10136570111693557,0.6338341710087098,0.6338341710087098,A front-facing portrait of the same dog wearing black sunglasses in snow.,dog_sunglasses
1.0,0.9256240651011467,0.9999999925494194,0.9256240477164587,-0.40847588889300823,-0.0015957758350850781,53.625803669293724,0.04843749850988388,0.015135969403975954,12.158350507418314,True,0.7773193359375,,,0.04843749850988388,,0.10516661955463426,0.057602833956480026,19.382032208437533,0.10737381640371449,outputs/pretty_matrix/dog_sunglasses/adaptive_full_generic_support/seed_12/masks/combined.png,run_mask,1.0,170.1695556640625,0.04309543967247009,21.213167190551758,adaptive_full_generic_support,Generic support control,,0.04046810418367386,22.335312132782086,0.0764248145159541,13.976200580596924,outputs/pretty_matrix/dog_sunglasses/adaptive_full_generic_support/seed_12/result.png,dog_sunglasses/adaptive_full_generic_support/seed_12,84.3199405099731,12,/workspace/rf_h_edit/data/pretty_free_candidates/unsplash_dog_front_malinois_PGlA5efHOiI.jpg,0.053787268698215485,A front-facing portrait of a dog in snow.,19.887492525032087,0.10130371539444605,0.6337862250023019,0.6337862250023019,A front-facing portrait of the same dog wearing black sunglasses in snow.,dog_sunglasses
1.0,0.0,0.0,0.0,0.0,0.0,0.0,0.22437499463558197,0.0,0.0,True,0.7773193359375,,,0.22437499463558197,,0.07243317943402745,0.0662946105003357,20.382193075045176,0.095695242265197,outputs/pretty_matrix/dog_sunglasses/base_only/seed_10/masks/combined.png,run_mask,1.0,0.0,0.0,0.0,base_only,RF reconstruction / base reconstruction,,0.06360837817192078,20.27288954917257,0.09690708332847504,12.229429721832275,outputs/pretty_matrix/dog_sunglasses/base_only/seed_10/result.png,dog_sunglasses/base_only/seed_10,69.35454099206254,10,/workspace/rf_h_edit/data/pretty_free_candidates/unsplash_dog_front_malinois_PGlA5efHOiI.jpg,0.06569644808769226,A front-facing portrait of a dog in snow.,20.35761502753363,0.0959664100009538,0.6136810026949112,0.6136810026949112,A front-facing portrait of the same dog wearing black sunglasses in snow.,dog_sunglasses
1.0,0.0,0.0,0.0,0.0,0.0,0.0,0.22437499463558197,0.0,0.0,True,0.7773193359375,,,0.22437499463558197,,0.07243317943402745,0.0662946105003357,20.382193075045176,0.095695242265197,outputs/pretty_matrix/dog_sunglasses/base_only/seed_11/masks/combined.png,run_mask,1.0,0.0,0.0,0.0,base_only,RF reconstruction / base reconstruction,,0.06360837817192078,20.27288954917257,0.09690708332847504,12.222299098968506,outputs/pretty_matrix/dog_sunglasses/base_only/seed_11/result.png,dog_sunglasses/base_only/seed_11,52.932598266983405,11,/workspace/rf_h_edit/data/pretty_free_candidates/unsplash_dog_front_malinois_PGlA5efHOiI.jpg,0.06569644808769226,A front-facing portrait of a dog in snow.,20.35761502753363,0.0959664100009538,0.6136810026949112,0.6136810026949112,A front-facing portrait of the same dog wearing black sunglasses in snow.,dog_sunglasses
1.0,0.0,0.0,0.0,0.0,0.0,0.0,0.22437499463558197,0.0,0.0,True,0.7773193359375,,,0.22437499463558197,,0.07243317943402745,0.0662946105003357,20.382193075045176,0.095695242265197,outputs/pretty_matrix/dog_sunglasses/base_only/seed_12/masks/combined.png,run_mask,1.0,0.0,0.0,0.0,base_only,RF reconstruction / base reconstruction,,0.06360837817192078,20.27288954917257,0.09690708332847504,12.222299098968506,outputs/pretty_matrix/dog_sunglasses/base_only/seed_12/result.png,dog_sunglasses/base_only/seed_12,26.360130100045353,12,/workspace/rf_h_edit/data/pretty_free_candidates/unsplash_dog_front_malinois_PGlA5efHOiI.jpg,0.06569644808769226,A front-facing portrait of a dog in snow.,20.35761502753363,0.0959664100009538,0.6136810026949112,0.6136810026949112,A front-facing portrait of the same dog wearing black sunglasses in snow.,dog_sunglasses
1.0,0.9288361221551895,1.000000034769376,0.9288361370563507,0.0,0.0,165.48719628651938,0.22437499463558197,0.0,0.0,True,0.7773193359375,,,0.22437499463558197,,0.11712051257891265,0.1265675276517868,13.417151177396512,0.21337446299799884,outputs/pretty_matrix/dog_sunglasses/direct_target/seed_10/masks/combined.png,run_mask,1.0,427.919189453125,0.0,0.0,direct_target,Direct target guidance,,0.09344973415136337,15.759446369469618,0.16293998857638248,12.229429721832275,outputs/pretty_matrix/dog_sunglasses/direct_target/seed_10/result.png,dog_sunglasses/direct_target/seed_10,36.761004101950675,10,/workspace/rf_h_edit/data/pretty_free_candidates/unsplash_dog_front_malinois_PGlA5efHOiI.jpg,0.11919282376766205,A front-facing portrait of a dog in snow.,13.840251259763079,0.20322982210854934,0.5465305256137049,0.5465305256137049,A front-facing portrait of the same dog wearing black sunglasses in snow.,dog_sunglasses
1.0,0.9288361221551895,1.000000034769376,0.9288361370563507,0.0,0.0,165.48719628651938,0.22437499463558197,0.0,0.0,True,0.7773193359375,,,0.22437499463558197,,0.11712051257891265,0.1265675276517868,13.417151177396512,0.21337446299799884,outputs/pretty_matrix/dog_sunglasses/direct_target/seed_11/masks/combined.png,run_mask,1.0,427.919189453125,0.0,0.0,direct_target,Direct target guidance,,0.09344973415136337,15.759446369469618,0.16293998857638248,12.222299098968506,outputs/pretty_matrix/dog_sunglasses/direct_target/seed_11/result.png,dog_sunglasses/direct_target/seed_11,27.476418477948755,11,/workspace/rf_h_edit/data/pretty_free_candidates/unsplash_dog_front_malinois_PGlA5efHOiI.jpg,0.11919282376766205,A front-facing portrait of a dog in snow.,13.840251259763079,0.20322982210854934,0.5465305256137049,0.5465305256137049,A front-facing portrait of the same dog wearing black sunglasses in snow.,dog_sunglasses
1.0,0.9288361221551895,1.000000034769376,0.9288361370563507,0.0,0.0,165.48719628651938,0.22437499463558197,0.0,0.0,True,0.7773193359375,,,0.22437499463558197,,0.11712051257891265,0.1265675276517868,13.417151177396512,0.21337446299799884,outputs/pretty_matrix/dog_sunglasses/direct_target/seed_12/masks/combined.png,run_mask,1.0,427.919189453125,0.0,0.0,direct_target,Direct target guidance,,0.09344973415136337,15.759446369469618,0.16293998857638248,12.222299098968506,outputs/pretty_matrix/dog_sunglasses/direct_target/seed_12/result.png,dog_sunglasses/direct_target/seed_12,27.28027240303345,12,/workspace/rf_h_edit/data/pretty_free_candidates/unsplash_dog_front_malinois_PGlA5efHOiI.jpg,0.11919282376766205,A front-facing portrait of a dog in snow.,13.840251259763079,0.20322982210854934,0.5465305256137049,0.5465305256137049,A front-facing portrait of the same dog wearing black sunglasses in snow.,dog_sunglasses
1.0,0.9318796321749687,1.0000000248352687,0.9318796023726463,-0.41821659728884697,-0.002669076692351761,70.28451079130173,0.07750000059604645,0.014535789217916317,14.415225346883139,True,0.100859375,,,0.07750000059604645,,0.34643687064291245,0.1499858945608139,13.84880335780807,0.20302982117800542,outputs/pretty_matrix/dog_sunglasses/support_v3_controller_rmsgap/seed_10/masks/operation_v3_edit_mask.png,run_mask,1.0,164.93687438964844,0.03971453011035919,27.79875373840332,support_v3_controller_rmsgap,DeCE-RF,,0.047325290739536285,21.237197465070704,0.08672416493976547,14.108457088470459,outputs/pretty_matrix/dog_sunglasses/support_v3_controller_rmsgap/seed_10/result.png,dog_sunglasses/support_v3_controller_rmsgap/seed_10,120.0626221250277,10,/workspace/rf_h_edit/data/pretty_free_candidates/unsplash_dog_front_malinois_PGlA5efHOiI.jpg,0.057679563760757446,A front-facing portrait of a dog in snow.,19.61775536271364,0.10449902342780346,0.623380123280454,0.623380123280454,A front-facing portrait of the same dog wearing black sunglasses in snow.,dog_sunglasses
1.0,0.9322163090109825,1.0000000322858493,0.9322163040439287,-0.4190727422634761,-0.0024464651129771178,68.88144081830978,0.07750000059604645,0.014519597326094905,14.396226604779562,True,0.100859375,,,0.07750000059604645,,0.3336076684740511,0.14815004169940948,13.929784221761029,0.2011457166979264,outputs/pretty_matrix/dog_sunglasses/support_v3_controller_rmsgap/seed_11/masks/operation_v3_edit_mask.png,run_mask,1.0,165.21067810058594,0.03971453011035919,27.79875373840332,support_v3_controller_rmsgap,DeCE-RF,,0.04726371169090271,21.242815245298576,0.08666809241284792,13.97734022140503,outputs/pretty_matrix/dog_sunglasses/support_v3_controller_rmsgap/seed_11/result.png,dog_sunglasses/support_v3_controller_rmsgap/seed_11,82.83878573286347,11,/workspace/rf_h_edit/data/pretty_free_candidates/unsplash_dog_front_malinois_PGlA5efHOiI.jpg,0.05743904784321785,A front-facing portrait of a dog in snow.,19.65191267649918,0.10408888734300885,0.6239182130837467,0.6239182130837467,A front-facing portrait of the same dog wearing black sunglasses in snow.,dog_sunglasses
1.0,0.9305620590845743,0.9999999925494194,0.9305620640516281,-0.42062242204944295,-0.002447167362940187,67.48424126704533,0.07750000059604645,0.014497823882265948,14.340310057004293,True,0.100859375,,,0.07750000059604645,,0.347356700232378,0.14143626391887665,14.322394303089307,0.19225616934045958,outputs/pretty_matrix/dog_sunglasses/support_v3_controller_rmsgap/seed_12/masks/operation_v3_edit_mask.png,run_mask,1.0,164.75132751464844,0.03971453011035919,27.79875373840332,support_v3_controller_rmsgap,DeCE-RF,,0.047296129167079926,21.233222405896555,0.08676386295537404,13.97734022140503,outputs/pretty_matrix/dog_sunglasses/support_v3_controller_rmsgap/seed_12/result.png,dog_sunglasses/support_v3_controller_rmsgap/seed_12,91.39076014584862,12,/workspace/rf_h_edit/data/pretty_free_candidates/unsplash_dog_front_malinois_PGlA5efHOiI.jpg,0.05679105222225189,A front-facing portrait of a dog in snow.,19.78946822052867,0.10245345038495703,0.6235719385406564,0.6235719385406564,A front-facing portrait of the same dog wearing black sunglasses in snow.,dog_sunglasses
1.0,0.929993045826753,0.9999999875823656,0.9299930234750112,-0.39324247278273106,-0.0025689619930441645,66.44819962978363,0.07750000059604645,0.015154234929165492,10.292736530303955,True,0.100859375,,,0.07750000059604645,,0.28742254066615025,0.14231353998184204,14.175693158736806,0.1955308742431181,outputs/pretty_matrix/dog_sunglasses/support_v3_fixed/seed_10/masks/operation_v3_edit_mask.png,run_mask,1.0,162.80001831054688,0.03971453011035919,17.062868118286133,support_v3_fixed,Fixed DeCE displacement,,0.047490622848272324,21.18475862915163,0.08724932355263276,14.108705997467041,outputs/pretty_matrix/dog_sunglasses/support_v3_fixed/seed_10/result.png,dog_sunglasses/support_v3_fixed/seed_10,123.94156670104712,10,/workspace/rf_h_edit/data/pretty_free_candidates/unsplash_dog_front_malinois_PGlA5efHOiI.jpg,0.05705441161990166,A front-facing portrait of a dog in snow.,19.705859644863338,0.10344440781441383,0.6226128445855807,0.6226128445855807,A front-facing portrait of the same dog wearing black sunglasses in snow.,dog_sunglasses
1.0,0.9292310451467832,1.0000000099341075,0.9292310376962026,-0.3918133433908224,-0.002722526614282591,66.17106858889262,0.07750000059604645,0.015164455951889977,10.300348162651062,True,0.100859375,,,0.07750000059604645,,0.2783694810224632,0.14224039018154144,14.13509133010347,0.1964470147168923,outputs/pretty_matrix/dog_sunglasses/support_v3_fixed/seed_11/masks/operation_v3_edit_mask.png,run_mask,1.0,162.6809539794922,0.03971453011035919,17.10138511657715,support_v3_fixed,Fixed DeCE displacement,,0.047508660703897476,21.183763305705394,0.08725932209933526,13.974215030670166,outputs/pretty_matrix/dog_sunglasses/support_v3_fixed/seed_11/result.png,dog_sunglasses/support_v3_fixed/seed_11,87.73014432494529,11,/workspace/rf_h_edit/data/pretty_free_candidates/unsplash_dog_front_malinois_PGlA5efHOiI.jpg,0.05706324428319931,A front-facing portrait of a dog in snow.,19.690550066482636,0.10362689767401022,0.6229712675534265,0.6229712675534265,A front-facing portrait of the same dog wearing black sunglasses in snow.,dog_sunglasses
1.0,0.929900512099266,1.0000000149011612,0.929900494714578,-0.3933412873496612,-0.002587111994065102,66.68982096513112,0.07750000059604645,0.01515115452639293,10.291881601015726,True,0.100859375,,,0.07750000059604645,,0.2870836560805577,0.14292481541633606,14.145251534551289,0.1962173577666462,outputs/pretty_matrix/dog_sunglasses/support_v3_fixed/seed_12/masks/operation_v3_edit_mask.png,run_mask,1.0,163.07589721679688,0.03971453011035919,17.06888771057129,support_v3_fixed,Fixed DeCE displacement,,0.047496579587459564,21.183095900031937,0.08726602718154726,13.974215030670166,outputs/pretty_matrix/dog_sunglasses/support_v3_fixed/seed_12/result.png,dog_sunglasses/support_v3_fixed/seed_12,83.69411318819039,12,/workspace/rf_h_edit/data/pretty_free_candidates/unsplash_dog_front_malinois_PGlA5efHOiI.jpg,0.05712141841650009,A front-facing portrait of a dog in snow.,19.693804045667413,0.10358808338696784,0.6225918563372749,0.6225918563372749,A front-facing portrait of the same dog wearing black sunglasses in snow.,dog_sunglasses
1.0,0.9387506271402041,1.000000002483527,0.938750629623731,-0.4973418340086937,-0.003498110866833789,13.395840843518576,0.0613839291036129,0.007615181243939635,7.578073004881541,True,0.7365606398809523,,,0.0613839291036129,,0.005358608498011238,0.008474685251712799,33.67748194942026,0.020707415724297174,outputs/pretty_matrix/mug_heart/adaptive_full_generic_support/seed_10/masks/combined.png,run_mask,1.0,38.500511169433594,0.01637277938425541,15.347146034240723,adaptive_full_generic_support,Generic support control,,0.007177370134741068,36.74525951376735,0.014545780320982908,13.382246971130371,outputs/pretty_matrix/mug_heart/adaptive_full_generic_support/seed_10/result.png,mug_heart/adaptive_full_generic_support/seed_10,56.405413917964324,10,/workspace/rf_h_edit/data/pretty_free_candidates/pexels_white_mug_6312107.jpg,0.00813292246311903,A minimalist photo of a plain white ceramic mug on a grey background.,34.299553430788535,0.019276240159247213,0.965357020198147,0.965357020198147,"A minimalist photo of the same white ceramic mug with a small red heart printed on the front, on the same grey background.",mug_heart
1.0,0.9389739980300268,1.0000000248352687,0.9389739657441775,-0.4971255386869113,-0.003351464370401421,13.484660704930624,0.0613839291036129,0.007627817530495425,7.583633740743001,True,0.7365606398809523,,,0.0613839291036129,,0.005358608498011238,0.00845207180827856,33.686915085738924,0.02068493905793922,outputs/pretty_matrix/mug_heart/adaptive_full_generic_support/seed_11/masks/combined.png,run_mask,1.0,38.500511169433594,0.01637277938425541,15.33380126953125,adaptive_full_generic_support,Generic support control,,0.00717673497274518,36.747767497855634,0.01454158094465202,13.254321098327637,outputs/pretty_matrix/mug_heart/adaptive_full_generic_support/seed_11/result.png,mug_heart/adaptive_full_generic_support/seed_11,50.858456952963024,11,/workspace/rf_h_edit/data/pretty_free_candidates/pexels_white_mug_6312107.jpg,0.008116098120808601,A minimalist photo of a plain white ceramic mug on a grey background.,34.30794694743486,0.019257621767819255,0.9653464575369453,0.9653464575369453,"A minimalist photo of the same white ceramic mug with a small red heart printed on the front, on the same grey background.",mug_heart
1.0,0.9395228326320648,1.000000002483527,0.9395228599508604,-0.49719493091106415,-0.0034139952573847645,13.378676861524582,0.0613839291036129,0.007616661105809423,7.577389697233836,True,0.7365606398809523,,,0.0613839291036129,,0.005319148936170213,0.008446471765637398,33.68855255955515,0.020681039877198347,outputs/pretty_matrix/mug_heart/adaptive_full_generic_support/seed_12/masks/combined.png,run_mask,1.0,38.500511169433594,0.01637277938425541,15.334484100341797,adaptive_full_generic_support,Generic support control,,0.007177313324064016,36.74349965075468,0.01454872776509116,13.254321098327637,outputs/pretty_matrix/mug_heart/adaptive_full_generic_support/seed_12/result.png,mug_heart/adaptive_full_generic_support/seed_12,80.25726378010586,12,/workspace/rf_h_edit/data/pretty_free_candidates/pexels_white_mug_6312107.jpg,0.008112125098705292,A minimalist photo of a plain white ceramic mug on a grey background.,34.30869648234177,0.01925596003395343,0.9653477865994627,0.9653477865994627,"A minimalist photo of the same white ceramic mug with a small red heart printed on the front, on the same grey background.",mug_heart
1.0,0.0,0.0,0.0,0.0,0.0,0.0,0.0751488134264946,0.0,0.0,True,0.7347819010416666,,,0.0751488134264946,,0.0025473474360394287,0.013423970900475979,32.77105794798233,0.022985137314881193,outputs/pretty_matrix/mug_heart/base_only/seed_10/masks/combined.png,run_mask,1.0,0.0,0.0,0.0,base_only,RF reconstruction / base reconstruction,,0.015122383832931519,33.374686869947595,0.02144201801222709,12.228387355804443,outputs/pretty_matrix/mug_heart/base_only/seed_10/result.png,mug_heart/base_only/seed_10,69.96668883296661,10,/workspace/rf_h_edit/data/pretty_free_candidates/pexels_white_mug_6312107.jpg,0.013874422758817673,A minimalist photo of a plain white ceramic mug on a grey background.,32.92315551070637,0.022586150852777105,0.9589923932187598,0.9589923932187598,"A minimalist photo of the same white ceramic mug with a small red heart printed on the front, on the same grey background.",mug_heart
1.0,0.0,0.0,0.0,0.0,0.0,0.0,0.0751488134264946,0.0,0.0,True,0.7347819010416666,,,0.0751488134264946,,0.0025473474360394287,0.013423970900475979,32.77105794798233,0.022985137314881193,outputs/pretty_matrix/mug_heart/base_only/seed_11/masks/combined.png,run_mask,1.0,0.0,0.0,0.0,base_only,RF reconstruction / base reconstruction,,0.015122383832931519,33.374686869947595,0.02144201801222709,12.222283840179443,outputs/pretty_matrix/mug_heart/base_only/seed_11/result.png,mug_heart/base_only/seed_11,54.35635492904112,11,/workspace/rf_h_edit/data/pretty_free_candidates/pexels_white_mug_6312107.jpg,0.013874422758817673,A minimalist photo of a plain white ceramic mug on a grey background.,32.92315551070637,0.022586150852777105,0.9589923932187598,0.9589923932187598,"A minimalist photo of the same white ceramic mug with a small red heart printed on the front, on the same grey background.",mug_heart
1.0,0.0,0.0,0.0,0.0,0.0,0.0,0.0751488134264946,0.0,0.0,True,0.7347819010416666,,,0.0751488134264946,,0.0025473474360394287,0.013423970900475979,32.77105794798233,0.022985137314881193,outputs/pretty_matrix/mug_heart/base_only/seed_12/masks/combined.png,run_mask,1.0,0.0,0.0,0.0,base_only,RF reconstruction / base reconstruction,,0.015122383832931519,33.374686869947595,0.02144201801222709,12.222283840179443,outputs/pretty_matrix/mug_heart/base_only/seed_12/result.png,mug_heart/base_only/seed_12,26.45588481100276,12,/workspace/rf_h_edit/data/pretty_free_candidates/pexels_white_mug_6312107.jpg,0.013874422758817673,A minimalist photo of a plain white ceramic mug on a grey background.,32.92315551070637,0.022586150852777105,0.9589923932187598,0.9589923932187598,"A minimalist photo of the same white ceramic mug with a small red heart printed on the front, on the same grey background.",mug_heart
1.0,0.9221471572915713,1.0000000099341075,0.9221471423904101,0.0,0.0,35.74044986565908,0.0751488134264946,0.0,0.0,True,0.7347819010416666,,,0.0751488134264946,,8.702118570321029e-05,0.036208733916282654,21.969066129240833,0.07971621935493979,outputs/pretty_matrix/mug_heart/direct_target/seed_10/masks/combined.png,run_mask,1.0,192.15692138671875,0.0,0.0,direct_target,Direct target guidance,,0.03235206380486488,26.98077027543439,0.044767360216732714,12.228387355804443,outputs/pretty_matrix/mug_heart/direct_target/seed_10/result.png,mug_heart/direct_target/seed_10,31.75719489599578,10,/workspace/rf_h_edit/data/pretty_free_candidates/pexels_white_mug_6312107.jpg,0.03518587723374367,A minimalist photo of a plain white ceramic mug on a grey background.,22.839274732873143,0.07211676937846165,0.9138093733173928,0.9138093733173928,"A minimalist photo of the same white ceramic mug with a small red heart printed on the front, on the same grey background.",mug_heart
1.0,0.9221471572915713,1.0000000099341075,0.9221471423904101,0.0,0.0,35.74044986565908,0.0751488134264946,0.0,0.0,True,0.7347819010416666,,,0.0751488134264946,,8.702118570321029e-05,0.036208733916282654,21.969066129240833,0.07971621935493979,outputs/pretty_matrix/mug_heart/direct_target/seed_11/masks/combined.png,run_mask,1.0,192.15692138671875,0.0,0.0,direct_target,Direct target guidance,,0.03235206380486488,26.98077027543439,0.044767360216732714,12.222283840179443,outputs/pretty_matrix/mug_heart/direct_target/seed_11/result.png,mug_heart/direct_target/seed_11,26.771855278871953,11,/workspace/rf_h_edit/data/pretty_free_candidates/pexels_white_mug_6312107.jpg,0.03518587723374367,A minimalist photo of a plain white ceramic mug on a grey background.,22.839274732873143,0.07211676937846165,0.9138093733173928,0.9138093733173928,"A minimalist photo of the same white ceramic mug with a small red heart printed on the front, on the same grey background.",mug_heart
1.0,0.9221471572915713,1.0000000099341075,0.9221471423904101,0.0,0.0,35.74044986565908,0.0751488134264946,0.0,0.0,True,0.7347819010416666,,,0.0751488134264946,,8.702118570321029e-05,0.036208733916282654,21.969066129240833,0.07971621935493979,outputs/pretty_matrix/mug_heart/direct_target/seed_12/masks/combined.png,run_mask,1.0,192.15692138671875,0.0,0.0,direct_target,Direct target guidance,,0.03235206380486488,26.98077027543439,0.044767360216732714,12.222283840179443,outputs/pretty_matrix/mug_heart/direct_target/seed_12/result.png,mug_heart/direct_target/seed_12,26.67875806102529,12,/workspace/rf_h_edit/data/pretty_free_candidates/pexels_white_mug_6312107.jpg,0.03518587723374367,A minimalist photo of a plain white ceramic mug on a grey background.,22.839274732873143,0.07211676937846165,0.9138093733173928,0.9138093733173928,"A minimalist photo of the same white ceramic mug with a small red heart printed on the front, on the same grey background.",mug_heart
1.0,0.9296474829316139,1.0000000173846881,0.929647500316302,-0.4283745189507802,-0.00023110192645011315,39.02510768175125,0.0357142873108387,0.0074437553945851205,19.434956351915996,True,0.04049827938988095,,,0.0357142873108387,,0.0,0.07456083595752716,14.800991148740419,0.18194932239992812,outputs/pretty_matrix/mug_heart/support_v3_controller_rmsgap/seed_10/masks/operation_v3_edit_mask.png,run_mask,1.0,159.88955688476562,0.015353056602180004,26.845802307128906,support_v3_controller_rmsgap,DeCE-RF,,0.007664067670702934,33.888658694374875,0.02021003498364285,13.381696701049805,outputs/pretty_matrix/mug_heart/support_v3_controller_rmsgap/seed_10/result.png,mug_heart/support_v3_controller_rmsgap/seed_10,112.16987230698578,10,/workspace/rf_h_edit/data/pretty_free_candidates/pexels_white_mug_6312107.jpg,0.010373270139098167,A minimalist photo of a plain white ceramic mug on a grey background.,27.612960485828427,0.04162478235495003,0.9574091386606913,0.9574091386606913,"A minimalist photo of the same white ceramic mug with a small red heart printed on the front, on the same grey background.",mug_heart
1.0,0.9304118553797404,0.9999999875823656,0.930411862830321,-0.42893585686882335,3.659173277507458e-05,39.063495675722756,0.0357142873108387,0.00742796651320532,19.410809993743896,True,0.04049827938988095,,,0.0357142873108387,,0.0,0.07327522337436676,14.8068071666461,0.1818275310404708,outputs/pretty_matrix/mug_heart/support_v3_controller_rmsgap/seed_11/masks/operation_v3_edit_mask.png,run_mask,1.0,161.059814453125,0.015353056602180004,26.845802307128906,support_v3_controller_rmsgap,DeCE-RF,,0.007573074661195278,34.01558771900688,0.019916848233360415,13.255279541015625,outputs/pretty_matrix/mug_heart/support_v3_controller_rmsgap/seed_11/result.png,mug_heart/support_v3_controller_rmsgap/seed_11,85.37891222606413,11,/workspace/rf_h_edit/data/pretty_free_candidates/pexels_white_mug_6312107.jpg,0.010233898647129536,A minimalist photo of a plain white ceramic mug on a grey background.,27.645877797287977,0.04146733355582498,0.957626116342999,0.957626116342999,"A minimalist photo of the same white ceramic mug with a small red heart printed on the front, on the same grey background.",mug_heart
1.0,0.9304499998688698,0.9999999850988388,0.9304499725500742,-0.42954614634315175,-8.588913745673683e-05,39.324074149131775,0.0357142873108387,0.007445104458990197,19.426525632540386,True,0.04049827938988095,,,0.0357142873108387,,0.0,0.07544174045324326,14.761215672755025,0.18278443740580438,outputs/pretty_matrix/mug_heart/support_v3_controller_rmsgap/seed_12/masks/operation_v3_edit_mask.png,run_mask,1.0,162.9217529296875,0.015353056602180004,26.845802307128906,support_v3_controller_rmsgap,DeCE-RF,,0.007689630147069693,33.88788883356025,0.020211826349200712,13.255279541015625,outputs/pretty_matrix/mug_heart/support_v3_controller_rmsgap/seed_12/result.png,mug_heart/support_v3_controller_rmsgap/seed_12,89.94791201688349,12,/workspace/rf_h_edit/data/pretty_free_candidates/pexels_white_mug_6312107.jpg,0.01043347641825676,A minimalist photo of a plain white ceramic mug on a grey background.,27.581977850208446,0.041773523398554134,0.9572790918419836,0.9572790918419836,"A minimalist photo of the same white ceramic mug with a small red heart printed on the front, on the same grey background.",mug_heart
1.0,0.929881731669108,1.0,0.9298817391196886,-0.4220322122176488,-0.0007763184545789651,39.169399877389274,0.0357142873108387,0.007536702643847093,15.04246155420939,True,0.04049827938988095,,,0.0357142873108387,,0.00014353380221042057,0.07679659128189087,14.639162526815568,0.18537103452190193,outputs/pretty_matrix/mug_heart/support_v3_fixed/seed_10/masks/operation_v3_edit_mask.png,run_mask,1.0,165.59217834472656,0.015353056602180004,26.62150001525879,support_v3_fixed,Fixed DeCE displacement,,0.007737827021628618,33.85662393124461,0.020284710011044853,13.37908124923706,outputs/pretty_matrix/mug_heart/support_v3_fixed/seed_10/result.png,mug_heart/support_v3_fixed/seed_10,108.57680559298024,10,/workspace/rf_h_edit/data/pretty_free_candidates/pexels_white_mug_6312107.jpg,0.010534586384892464,A minimalist photo of a plain white ceramic mug on a grey background.,27.480152660625905,0.04226611856323989,0.9572865040632298,0.9572865040632298,"A minimalist photo of the same white ceramic mug with a small red heart printed on the front, on the same grey background.",mug_heart
1.0,0.9300777092576027,1.0000000049670537,0.9300777092576027,-0.42122944568594295,-0.0009188161017542976,38.938442746798195,0.0357142873108387,0.007531306585102963,15.047114809354147,True,0.04049827938988095,,,0.0357142873108387,,0.00014353380221042057,0.07623033225536346,14.653249399856474,0.18507064135949494,outputs/pretty_matrix/mug_heart/support_v3_fixed/seed_11/masks/operation_v3_edit_mask.png,run_mask,1.0,162.38671875,0.015353056602180004,26.550189971923828,support_v3_fixed,Fixed DeCE displacement,,0.007731143850833178,33.77959418261729,0.020465402518247876,13.25266408920288,outputs/pretty_matrix/mug_heart/support_v3_fixed/seed_11/result.png,mug_heart/support_v3_fixed/seed_11,82.0442550838925,11,/workspace/rf_h_edit/data/pretty_free_candidates/pexels_white_mug_6312107.jpg,0.010505241341888905,A minimalist photo of a plain white ceramic mug on a grey background.,27.4739364379918,0.042296377943928105,0.9572948921668298,0.9572948921668298,"A minimalist photo of the same white ceramic mug with a small red heart printed on the front, on the same grey background.",mug_heart
1.0,0.9302177553375562,1.000000002483527,0.9302177354693413,-0.42045578360557556,-0.0010206021964525764,38.66667546828588,0.0357142873108387,0.00752791987421612,15.055533488591513,True,0.04049827938988095,,,0.0357142873108387,,0.00014353380221042057,0.07604552060365677,14.678409435135315,0.18453533103493538,outputs/pretty_matrix/mug_heart/support_v3_fixed/seed_12/masks/operation_v3_edit_mask.png,run_mask,1.0,159.0530242919922,0.015353056602180004,26.53581428527832,support_v3_fixed,Fixed DeCE displacement,,0.0077280085533857346,33.814087517335835,0.020384291637232068,13.25266408920288,outputs/pretty_matrix/mug_heart/support_v3_fixed/seed_12/result.png,mug_heart/support_v3_fixed/seed_12,84.86995461001061,12,/workspace/rf_h_edit/data/pretty_free_candidates/pexels_white_mug_6312107.jpg,0.010494749061763287,A minimalist photo of a plain white ceramic mug on a grey background.,27.50119308340303,0.04216385836796579,0.9573160199341705,0.9573160199341705,"A minimalist photo of the same white ceramic mug with a small red heart printed on the front, on the same grey background.",mug_heart
