base_method,clip_source_score,clip_target_minus_source,clip_target_score,complete,condition,edit_scale,eval_mask_area,family,final_mask_area,inside_mask_l1,local_clip_source_score,local_clip_target_minus_source,local_clip_target_score,local_crop_box,mask_path,method,missing,outside_mask_l1,perturbation,result_image,runtime_seconds,seed,source_image,source_l1,source_prompt,source_ssim_luma,ssim_loss,target_prompt,task
support_v3_controller_rmsgap,0.2416345626115799,0.09784956276416779,0.3394841253757477,True,baseline,,0.03527250744047619,baseline,0.02566964365541935,0.1373361349105835,0.17848296463489532,0.1131744533777237,0.291657418012619,"162,0,342,102",outputs/pretty_matrix/cat_crown/support_v3_controller_rmsgap/seed_10/masks/operation_v3_edit_mask.png,support_v3_controller_rmsgap,,0.0540444441139698,,outputs/pretty_matrix/cat_crown/support_v3_controller_rmsgap/seed_10/result.png,50.421306415926665,10,/home/Wu_25R8111/rf_h_edit_project/data/paper_images/cat_sitting_in_grass.jpg,0.05698235332965851,A photo of a cat sitting in grass.,0.8737736827841852,0.1262263172158148,"A photo of the same cat sitting in the same grass, wearing a small golden crown on its head.",cat_crown
support_v3_controller_rmsgap,0.23982372879981995,0.102425217628479,0.34224894642829895,True,baseline,,0.03527250744047619,baseline,0.02566964365541935,0.13359226286411285,0.18450215458869934,0.11543282866477966,0.299934983253479,"162,0,342,102",outputs/pretty_matrix/cat_crown/support_v3_controller_rmsgap/seed_11/masks/operation_v3_edit_mask.png,support_v3_controller_rmsgap,,0.05404279753565788,,outputs/pretty_matrix/cat_crown/support_v3_controller_rmsgap/seed_11/result.png,55.334945684997365,11,/home/Wu_25R8111/rf_h_edit_project/data/paper_images/cat_sitting_in_grass.jpg,0.056848712265491486,A photo of a cat sitting in grass.,0.8744053716664747,0.1255946283335253,"A photo of the same cat sitting in the same grass, wearing a small golden crown on its head.",cat_crown
support_v3_controller_rmsgap,0.24009056389331818,0.09811566770076752,0.3382062315940857,True,baseline,,0.03527250744047619,baseline,0.02566964365541935,0.13705672323703766,0.17896875739097595,0.11346057057380676,0.2924293279647827,"162,0,342,102",outputs/pretty_matrix/cat_crown/support_v3_controller_rmsgap/seed_12/masks/operation_v3_edit_mask.png,support_v3_controller_rmsgap,,0.05404631420969963,,outputs/pretty_matrix/cat_crown/support_v3_controller_rmsgap/seed_12/result.png,54.47010108397808,12,/home/Wu_25R8111/rf_h_edit_project/data/paper_images/cat_sitting_in_grass.jpg,0.05697430670261383,A photo of a cat sitting in grass.,0.8738510422243916,0.12614895777560842,"A photo of the same cat sitting in the same grass, wearing a small golden crown on its head.",cat_crown
support_v3_controller_rmsgap,0.2429143786430359,0.10094505548477173,0.3438594341278076,True,050,0.5,0.03527250744047619,edit_strength,0.02566964365541935,0.10972723364830017,0.18963827192783356,0.10402338206768036,0.2936616539955139,"162,0,342,102",outputs/pretty_matrix/cat_crown/support_v3_controller_rmsgap_edit050/seed_10/masks/operation_v3_edit_mask.png,support_v3_controller_rmsgap_edit050,,0.054006557911634445,,outputs/pretty_matrix/cat_crown/support_v3_controller_rmsgap_edit050/seed_10/result.png,50.74774376198184,10,/home/Wu_25R8111/rf_h_edit_project/data/paper_images/cat_sitting_in_grass.jpg,0.055971965193748474,A photo of a cat sitting in grass.,0.8772696004126964,0.12273039958730358,"A photo of the same cat sitting in the same grass, wearing a small golden crown on its head.",cat_crown
support_v3_controller_rmsgap,0.24422307312488556,0.09125779569149017,0.33548086881637573,True,075,0.75,0.03527250744047619,edit_strength,0.02566964365541935,0.12647253274917603,0.1738550066947937,0.1195252537727356,0.2933802604675293,"162,0,342,102",outputs/pretty_matrix/cat_crown/support_v3_controller_rmsgap_edit075/seed_10/masks/operation_v3_edit_mask.png,support_v3_controller_rmsgap_edit075,,0.05402559041976929,,outputs/pretty_matrix/cat_crown/support_v3_controller_rmsgap_edit075/seed_10/result.png,50.45729534304701,10,/home/Wu_25R8111/rf_h_edit_project/data/paper_images/cat_sitting_in_grass.jpg,0.05658097192645073,A photo of a cat sitting in grass.,0.8755243082594315,0.1244756917405685,"A photo of the same cat sitting in the same grass, wearing a small golden crown on its head.",cat_crown
support_v3_controller_rmsgap,0.2389279156923294,0.10331793129444122,0.34224584698677063,True,100,1.0,0.03527250744047619,edit_strength,0.02566964365541935,0.13759872317314148,0.18075832724571228,0.1077471375465393,0.2885054647922516,"162,0,342,102",outputs/pretty_matrix/cat_crown/support_v3_controller_rmsgap_edit100/seed_10/masks/operation_v3_edit_mask.png,support_v3_controller_rmsgap_edit100,,0.05403779447078705,,outputs/pretty_matrix/cat_crown/support_v3_controller_rmsgap_edit100/seed_10/result.png,48.68899458600208,10,/home/Wu_25R8111/rf_h_edit_project/data/paper_images/cat_sitting_in_grass.jpg,0.05698518827557564,A photo of a cat sitting in grass.,0.873680049205787,0.126319950794213,"A photo of the same cat sitting in the same grass, wearing a small golden crown on its head.",cat_crown
support_v3_controller_rmsgap,0.24919068813323975,0.09519118070602417,0.3443818688392639,True,125,1.25,0.03527250744047619,edit_strength,0.02566964365541935,0.16072097420692444,0.1799367368221283,0.10947522521018982,0.2894119620323181,"162,0,342,102",outputs/pretty_matrix/cat_crown/support_v3_controller_rmsgap_edit125/seed_10/masks/operation_v3_edit_mask.png,support_v3_controller_rmsgap_edit125,,0.054059598594903946,,outputs/pretty_matrix/cat_crown/support_v3_controller_rmsgap_edit125/seed_10/result.png,52.687522228923626,10,/home/Wu_25R8111/rf_h_edit_project/data/paper_images/cat_sitting_in_grass.jpg,0.05782182887196541,A photo of a cat sitting in grass.,0.8697337463290797,0.13026625367092026,"A photo of the same cat sitting in the same grass, wearing a small golden crown on its head.",cat_crown
support_v3_controller_rmsgap,0.2522933781147003,0.0901220440864563,0.3424154222011566,True,150,1.5,0.03527250744047619,edit_strength,0.02566964365541935,0.19304914772510529,0.1839151531457901,0.10841198265552521,0.2923271358013153,"162,0,342,102",outputs/pretty_matrix/cat_crown/support_v3_controller_rmsgap_edit150/seed_10/masks/operation_v3_edit_mask.png,support_v3_controller_rmsgap_edit150,,0.054714497178792953,,outputs/pretty_matrix/cat_crown/support_v3_controller_rmsgap_edit150/seed_10/result.png,50.564293800038286,10,/home/Wu_25R8111/rf_h_edit_project/data/paper_images/cat_sitting_in_grass.jpg,0.05959390103816986,A photo of a cat sitting in grass.,0.8630789235722177,0.13692107642778228,"A photo of the same cat sitting in the same grass, wearing a small golden crown on its head.",cat_crown
support_v3_fixed,0.24656322598457336,0.09198793768882751,0.3385511636734009,True,baseline,,0.03527250744047619,baseline,0.02566964365541935,0.16765719652175903,0.18706515431404114,0.11178609728813171,0.29885125160217285,"162,0,342,102",outputs/pretty_matrix/cat_crown/support_v3_fixed/seed_10/masks/operation_v3_edit_mask.png,support_v3_fixed,,0.05376270413398743,,outputs/pretty_matrix/cat_crown/support_v3_fixed/seed_10/result.png,46.424099384923466,10,/home/Wu_25R8111/rf_h_edit_project/data/paper_images/cat_sitting_in_grass.jpg,0.057780053466558456,A photo of a cat sitting in grass.,0.8714118792130315,0.12858812078696846,"A photo of the same cat sitting in the same grass, wearing a small golden crown on its head.",cat_crown
support_v3_fixed,0.2469959557056427,0.09182623028755188,0.3388221859931946,True,baseline,,0.03527250744047619,baseline,0.02566964365541935,0.16551069915294647,0.18243014812469482,0.10982292890548706,0.2922530770301819,"162,0,342,102",outputs/pretty_matrix/cat_crown/support_v3_fixed/seed_11/masks/operation_v3_edit_mask.png,support_v3_fixed,,0.05373867601156235,,outputs/pretty_matrix/cat_crown/support_v3_fixed/seed_11/result.png,54.49481540406123,11,/home/Wu_25R8111/rf_h_edit_project/data/paper_images/cat_sitting_in_grass.jpg,0.05768115818500519,A photo of a cat sitting in grass.,0.8716135073452734,0.12838649265472657,"A photo of the same cat sitting in the same grass, wearing a small golden crown on its head.",cat_crown
support_v3_fixed,0.24644067883491516,0.09218832850456238,0.33862900733947754,True,baseline,,0.03527250744047619,baseline,0.02566964365541935,0.16393423080444336,0.18706583976745605,0.10793554782867432,0.29500138759613037,"162,0,342,102",outputs/pretty_matrix/cat_crown/support_v3_fixed/seed_12/masks/operation_v3_edit_mask.png,support_v3_fixed,,0.053730741143226624,,outputs/pretty_matrix/cat_crown/support_v3_fixed/seed_12/result.png,50.24409321602434,12,/home/Wu_25R8111/rf_h_edit_project/data/paper_images/cat_sitting_in_grass.jpg,0.05761788785457611,A photo of a cat sitting in grass.,0.8717134470177841,0.12828655298221592,"A photo of the same cat sitting in the same grass, wearing a small golden crown on its head.",cat_crown
support_v3_fixed,0.2453146129846573,0.09396199882030487,0.33927661180496216,True,050,0.5,0.03527250744047619,edit_strength,0.02566964365541935,0.11503612995147705,0.1832161694765091,0.1116275042295456,0.2948436737060547,"162,0,342,102",outputs/pretty_matrix/cat_crown/support_v3_fixed_edit050/seed_10/masks/operation_v3_edit_mask.png,support_v3_fixed_edit050,,0.05382275581359863,,outputs/pretty_matrix/cat_crown/support_v3_fixed_edit050/seed_10/result.png,48.88815581705421,10,/home/Wu_25R8111/rf_h_edit_project/data/paper_images/cat_sitting_in_grass.jpg,0.05598190054297447,A photo of a cat sitting in grass.,0.8778244637106014,0.12217553628939859,"A photo of the same cat sitting in the same grass, wearing a small golden crown on its head.",cat_crown
support_v3_fixed,0.24804481863975525,0.09202349185943604,0.3400683104991913,True,075,0.75,0.03527250744047619,edit_strength,0.02566964365541935,0.1301681250333786,0.17777538299560547,0.11229240894317627,0.29006779193878174,"162,0,342,102",outputs/pretty_matrix/cat_crown/support_v3_fixed_edit075/seed_10/masks/operation_v3_edit_mask.png,support_v3_fixed_edit075,,0.05367448925971985,,outputs/pretty_matrix/cat_crown/support_v3_fixed_edit075/seed_10/result.png,51.37905885791406,10,/home/Wu_25R8111/rf_h_edit_project/data/paper_images/cat_sitting_in_grass.jpg,0.056372594088315964,A photo of a cat sitting in grass.,0.8760083597546994,0.12399164024530063,"A photo of the same cat sitting in the same grass, wearing a small golden crown on its head.",cat_crown
support_v3_fixed,0.24622763693332672,0.09226568043231964,0.33849331736564636,True,100,1.0,0.03527250744047619,edit_strength,0.02566964365541935,0.16457082331180573,0.1809200644493103,0.10912898182868958,0.2900490462779999,"162,0,342,102",outputs/pretty_matrix/cat_crown/support_v3_fixed_edit100/seed_10/masks/operation_v3_edit_mask.png,support_v3_fixed_edit100,,0.05374688655138016,,outputs/pretty_matrix/cat_crown/support_v3_fixed_edit100/seed_10/result.png,50.13679480005521,10,/home/Wu_25R8111/rf_h_edit_project/data/paper_images/cat_sitting_in_grass.jpg,0.05765591934323311,A photo of a cat sitting in grass.,0.8717591266321546,0.1282408733678454,"A photo of the same cat sitting in the same grass, wearing a small golden crown on its head.",cat_crown
support_v3_fixed,0.25157058238983154,0.09170293807983398,0.3432735204696655,True,125,1.25,0.03527250744047619,edit_strength,0.02566964365541935,0.2058737576007843,0.19962355494499207,0.10167732834815979,0.30130088329315186,"162,0,342,102",outputs/pretty_matrix/cat_crown/support_v3_fixed_edit125/seed_10/masks/operation_v3_edit_mask.png,support_v3_fixed_edit125,,0.0552360974252224,,outputs/pretty_matrix/cat_crown/support_v3_fixed_edit125/seed_10/result.png,53.2132292779861,10,/home/Wu_25R8111/rf_h_edit_project/data/paper_images/cat_sitting_in_grass.jpg,0.06054946407675743,A photo of a cat sitting in grass.,0.8612208266808193,0.13877917331918066,"A photo of the same cat sitting in the same grass, wearing a small golden crown on its head.",cat_crown
support_v3_fixed,0.2699737846851349,0.06301477551460266,0.33298856019973755,True,150,1.5,0.03527250744047619,edit_strength,0.02566964365541935,0.2465163916349411,0.20966750383377075,0.05677714943885803,0.2664446532726288,"162,0,342,102",outputs/pretty_matrix/cat_crown/support_v3_fixed_edit150/seed_10/masks/operation_v3_edit_mask.png,support_v3_fixed_edit150,,0.055334579199552536,,outputs/pretty_matrix/cat_crown/support_v3_fixed_edit150/seed_10/result.png,46.20443720603362,10,/home/Wu_25R8111/rf_h_edit_project/data/paper_images/cat_sitting_in_grass.jpg,0.06207803636789322,A photo of a cat sitting in grass.,0.8566949865956652,0.14330501340433477,"A photo of the same cat sitting in the same grass, wearing a small golden crown on its head.",cat_crown
support_v3_controller_rmsgap,0.25985315442085266,0.10065054893493652,0.3605037033557892,True,baseline,,0.0617236328125,baseline,0.04906249791383743,0.18273550271987915,0.2584863603115082,0.0973876416683197,0.3558740019798279,"85,101,339,311",outputs/pretty_matrix/dog_sunglasses/support_v3_controller_rmsgap/seed_10/masks/operation_v3_edit_mask.png,support_v3_controller_rmsgap,,0.045777298510074615,,outputs/pretty_matrix/dog_sunglasses/support_v3_controller_rmsgap/seed_10/result.png,54.893409098964185,10,/home/Wu_25R8111/rf_h_edit_project/data/pretty_free_candidates/unsplash_dog_front_malinois_PGlA5efHOiI.jpg,0.05423085018992424,A front-facing portrait of a dog in snow.,0.9034068757685725,0.09659312423142752,A front-facing portrait of the same dog wearing black sunglasses in snow.,dog_sunglasses
support_v3_controller_rmsgap,0.26036015152931213,0.10048902034759521,0.36084917187690735,True,baseline,,0.0617236328125,baseline,0.04906249791383743,0.1830780953168869,0.26006442308425903,0.09672519564628601,0.35678961873054504,"85,101,339,311",outputs/pretty_matrix/dog_sunglasses/support_v3_controller_rmsgap/seed_11/masks/operation_v3_edit_mask.png,support_v3_controller_rmsgap,,0.04577269405126572,,outputs/pretty_matrix/dog_sunglasses/support_v3_controller_rmsgap/seed_11/result.png,55.82576166198123,11,/home/Wu_25R8111/rf_h_edit_project/data/pretty_free_candidates/unsplash_dog_front_malinois_PGlA5efHOiI.jpg,0.054247673600912094,A front-facing portrait of a dog in snow.,0.9032571962567071,0.09674280374329292,A front-facing portrait of the same dog wearing black sunglasses in snow.,dog_sunglasses
support_v3_controller_rmsgap,0.2603372633457184,0.1002301573753357,0.3605674207210541,True,baseline,,0.0617236328125,baseline,0.04906249791383743,0.1839882880449295,0.2601183354854584,0.0968792736530304,0.35699760913848877,"85,101,339,311",outputs/pretty_matrix/dog_sunglasses/support_v3_controller_rmsgap/seed_12/masks/operation_v3_edit_mask.png,support_v3_controller_rmsgap,,0.045778244733810425,,outputs/pretty_matrix/dog_sunglasses/support_v3_controller_rmsgap/seed_12/result.png,53.02963445102796,12,/home/Wu_25R8111/rf_h_edit_project/data/pretty_free_candidates/unsplash_dog_front_malinois_PGlA5efHOiI.jpg,0.05430908128619194,A front-facing portrait of a dog in snow.,0.9029939126281519,0.09700608737184813,A front-facing portrait of the same dog wearing black sunglasses in snow.,dog_sunglasses
support_v3_controller_rmsgap,0.26423126459121704,0.09891891479492188,0.3631501793861389,True,boundary_noise,,0.0617236328125,support_perturb,0.04531249776482582,0.18274761736392975,0.26248466968536377,0.0967528223991394,0.3592374920845032,"85,101,339,311",outputs/pretty_matrix/dog_sunglasses/support_v3_controller_rmsgap_pert_boundary_noise/seed_10/masks/operation_v3_edit_mask.png,support_v3_controller_rmsgap_pert_boundary_noise,,0.045729901641607285,boundary_noise,outputs/pretty_matrix/dog_sunglasses/support_v3_controller_rmsgap_pert_boundary_noise/seed_10/result.png,57.089771753991954,10,/home/Wu_25R8111/rf_h_edit_project/data/pretty_free_candidates/unsplash_dog_front_malinois_PGlA5efHOiI.jpg,0.05418713390827179,A front-facing portrait of a dog in snow.,0.9035236312483882,0.09647636875161181,A front-facing portrait of the same dog wearing black sunglasses in snow.,dog_sunglasses
support_v3_controller_rmsgap,0.2643384635448456,0.09373453259468079,0.35807299613952637,True,dilate,,0.0617236328125,support_perturb,0.07093749940395355,0.22287112474441528,0.27056190371513367,0.08788827061653137,0.35845017433166504,"85,101,339,311",outputs/pretty_matrix/dog_sunglasses/support_v3_controller_rmsgap_pert_dilate/seed_10/masks/operation_v3_edit_mask.png,support_v3_controller_rmsgap_pert_dilate,,0.046657539904117584,dilate,outputs/pretty_matrix/dog_sunglasses/support_v3_controller_rmsgap_pert_dilate/seed_10/result.png,51.474961188971065,10,/home/Wu_25R8111/rf_h_edit_project/data/pretty_free_candidates/unsplash_dog_front_malinois_PGlA5efHOiI.jpg,0.05753409117460251,A front-facing portrait of a dog in snow.,0.8911312003245407,0.10886879967545926,A front-facing portrait of the same dog wearing black sunglasses in snow.,dog_sunglasses
support_v3_controller_rmsgap,0.2588697671890259,0.09520429372787476,0.35407406091690063,True,erode,,0.0617236328125,support_perturb,0.029374999925494194,0.1491691619157791,0.2613893747329712,0.08900651335716248,0.35039588809013367,"85,101,339,311",outputs/pretty_matrix/dog_sunglasses/support_v3_controller_rmsgap_pert_erode/seed_10/masks/operation_v3_edit_mask.png,support_v3_controller_rmsgap_pert_erode,,0.045357562601566315,erode,outputs/pretty_matrix/dog_sunglasses/support_v3_controller_rmsgap_pert_erode/seed_10/result.png,51.22609467303846,10,/home/Wu_25R8111/rf_h_edit_project/data/pretty_free_candidates/unsplash_dog_front_malinois_PGlA5efHOiI.jpg,0.05176519230008125,A front-facing portrait of a dog in snow.,0.913361899830925,0.08663810016907503,A front-facing portrait of the same dog wearing black sunglasses in snow.,dog_sunglasses
support_v3_controller_rmsgap,0.26591259241104126,0.0984717309474945,0.36438432335853577,True,holes,,0.0617236328125,support_perturb,0.044999998062849045,0.1845971643924713,0.25924885272979736,0.09233805537223816,0.3515869081020355,"85,101,339,311",outputs/pretty_matrix/dog_sunglasses/support_v3_controller_rmsgap_pert_holes/seed_10/masks/operation_v3_edit_mask.png,support_v3_controller_rmsgap_pert_holes,,0.04573369771242142,holes,outputs/pretty_matrix/dog_sunglasses/support_v3_controller_rmsgap_pert_holes/seed_10/result.png,54.274922930053435,10,/home/Wu_25R8111/rf_h_edit_project/data/pretty_free_candidates/unsplash_dog_front_malinois_PGlA5efHOiI.jpg,0.054304853081703186,A front-facing portrait of a dog in snow.,0.9028555500835441,0.09714444991645588,A front-facing portrait of the same dog wearing black sunglasses in snow.,dog_sunglasses
support_v3_controller_rmsgap,0.26588088274002075,0.0966290533542633,0.36250993609428406,True,shift,,0.0617236328125,support_perturb,0.04906249791383743,0.1951518952846527,0.2770480513572693,0.08929142355918884,0.36633947491645813,"85,101,339,311",outputs/pretty_matrix/dog_sunglasses/support_v3_controller_rmsgap_pert_shift/seed_10/masks/operation_v3_edit_mask.png,support_v3_controller_rmsgap_pert_shift,,0.045940615236759186,shift,outputs/pretty_matrix/dog_sunglasses/support_v3_controller_rmsgap_pert_shift/seed_10/result.png,47.16438814997673,10,/home/Wu_25R8111/rf_h_edit_project/data/pretty_free_candidates/unsplash_dog_front_malinois_PGlA5efHOiI.jpg,0.05515046417713165,A front-facing portrait of a dog in snow.,0.8990551473437266,0.1009448526562734,A front-facing portrait of the same dog wearing black sunglasses in snow.,dog_sunglasses
support_v3_fixed,0.26216062903404236,0.09832444787025452,0.3604850769042969,True,baseline,,0.0617236328125,baseline,0.04906249791383743,0.1826533079147339,0.2548646032810211,0.09675648808479309,0.3516210913658142,"85,101,339,311",outputs/pretty_matrix/dog_sunglasses/support_v3_fixed/seed_10/masks/operation_v3_edit_mask.png,support_v3_fixed,,0.04582487419247627,,outputs/pretty_matrix/dog_sunglasses/support_v3_fixed/seed_10/result.png,56.22531503601931,10,/home/Wu_25R8111/rf_h_edit_project/data/pretty_free_candidates/unsplash_dog_front_malinois_PGlA5efHOiI.jpg,0.0542704202234745,A front-facing portrait of a dog in snow.,0.9038029542465928,0.09619704575340715,A front-facing portrait of the same dog wearing black sunglasses in snow.,dog_sunglasses
support_v3_fixed,0.26241496205329895,0.09846016764640808,0.36087512969970703,True,baseline,,0.0617236328125,baseline,0.04906249791383743,0.18261027336120605,0.253120481967926,0.09643879532814026,0.3495592772960663,"85,101,339,311",outputs/pretty_matrix/dog_sunglasses/support_v3_fixed/seed_11/masks/operation_v3_edit_mask.png,support_v3_fixed,,0.04582729935646057,,outputs/pretty_matrix/dog_sunglasses/support_v3_fixed/seed_11/result.png,55.87824542191811,11,/home/Wu_25R8111/rf_h_edit_project/data/pretty_free_candidates/unsplash_dog_front_malinois_PGlA5efHOiI.jpg,0.054270025342702866,A front-facing portrait of a dog in snow.,0.9038492305910215,0.09615076940897849,A front-facing portrait of the same dog wearing black sunglasses in snow.,dog_sunglasses
support_v3_fixed,0.26363927125930786,0.09812000393867493,0.3617592751979828,True,baseline,,0.0617236328125,baseline,0.04906249791383743,0.18534857034683228,0.24634750187397003,0.09939698874950409,0.3457444906234741,"85,101,339,311",outputs/pretty_matrix/dog_sunglasses/support_v3_fixed/seed_12/masks/operation_v3_edit_mask.png,support_v3_fixed,,0.04583554342389107,,outputs/pretty_matrix/dog_sunglasses/support_v3_fixed/seed_12/result.png,52.55116100597661,12,/home/Wu_25R8111/rf_h_edit_project/data/pretty_free_candidates/unsplash_dog_front_malinois_PGlA5efHOiI.jpg,0.05444679781794548,A front-facing portrait of a dog in snow.,0.9030364640836567,0.09696353591634332,A front-facing portrait of the same dog wearing black sunglasses in snow.,dog_sunglasses
support_v3_fixed,0.265010803937912,0.09845972061157227,0.36347052454948425,True,boundary_noise,,0.0617236328125,support_perturb,0.04531249776482582,0.1825082153081894,0.2547086775302887,0.0961240828037262,0.3508327603340149,"85,101,339,311",outputs/pretty_matrix/dog_sunglasses/support_v3_fixed_pert_boundary_noise/seed_10/masks/operation_v3_edit_mask.png,support_v3_fixed_pert_boundary_noise,,0.04577721655368805,boundary_noise,outputs/pretty_matrix/dog_sunglasses/support_v3_fixed_pert_boundary_noise/seed_10/result.png,52.61735816102009,10,/home/Wu_25R8111/rf_h_edit_project/data/pretty_free_candidates/unsplash_dog_front_malinois_PGlA5efHOiI.jpg,0.054216742515563965,A front-facing portrait of a dog in snow.,0.9038758761431809,0.09612412385681912,A front-facing portrait of the same dog wearing black sunglasses in snow.,dog_sunglasses
support_v3_fixed,0.26525887846946716,0.09405851364135742,0.3593173921108246,True,dilate,,0.0617236328125,support_perturb,0.07093749940395355,0.22852075099945068,0.2645610570907593,0.09505793452262878,0.35961899161338806,"85,101,339,311",outputs/pretty_matrix/dog_sunglasses/support_v3_fixed_pert_dilate/seed_10/masks/operation_v3_edit_mask.png,support_v3_fixed_pert_dilate,,0.046901311725378036,dilate,outputs/pretty_matrix/dog_sunglasses/support_v3_fixed_pert_dilate/seed_10/result.png,52.02241811901331,10,/home/Wu_25R8111/rf_h_edit_project/data/pretty_free_candidates/unsplash_dog_front_malinois_PGlA5efHOiI.jpg,0.058111522346735,A front-facing portrait of a dog in snow.,0.8900728036943583,0.10992719630564174,A front-facing portrait of the same dog wearing black sunglasses in snow.,dog_sunglasses
support_v3_fixed,0.25766822695732117,0.09502139687538147,0.35268962383270264,True,erode,,0.0617236328125,support_perturb,0.029374999925494194,0.15177379548549652,0.26164478063583374,0.09118977189064026,0.352834552526474,"85,101,339,311",outputs/pretty_matrix/dog_sunglasses/support_v3_fixed_pert_erode/seed_10/masks/operation_v3_edit_mask.png,support_v3_fixed_pert_erode,,0.04540402442216873,erode,outputs/pretty_matrix/dog_sunglasses/support_v3_fixed_pert_erode/seed_10/result.png,51.67664103698917,10,/home/Wu_25R8111/rf_h_edit_project/data/pretty_free_candidates/unsplash_dog_front_malinois_PGlA5efHOiI.jpg,0.05196954682469368,A front-facing portrait of a dog in snow.,0.9129112359261371,0.0870887640738629,A front-facing portrait of the same dog wearing black sunglasses in snow.,dog_sunglasses
support_v3_fixed,0.26413822174072266,0.09810110926628113,0.3622393310070038,True,holes,,0.0617236328125,support_perturb,0.044999998062849045,0.18620456755161285,0.2395091950893402,0.0999167263507843,0.3394259214401245,"85,101,339,311",outputs/pretty_matrix/dog_sunglasses/support_v3_fixed_pert_holes/seed_10/masks/operation_v3_edit_mask.png,support_v3_fixed_pert_holes,,0.04577823355793953,holes,outputs/pretty_matrix/dog_sunglasses/support_v3_fixed_pert_holes/seed_10/result.png,53.556570451008156,10,/home/Wu_25R8111/rf_h_edit_project/data/pretty_free_candidates/unsplash_dog_front_malinois_PGlA5efHOiI.jpg,0.05444585904479027,A front-facing portrait of a dog in snow.,0.9029242703679591,0.09707572963204092,A front-facing portrait of the same dog wearing black sunglasses in snow.,dog_sunglasses
support_v3_fixed,0.2646329700946808,0.09590020775794983,0.3605331778526306,True,shift,,0.0617236328125,support_perturb,0.04906249791383743,0.19770100712776184,0.2702668309211731,0.09297442436218262,0.3632412552833557,"85,101,339,311",outputs/pretty_matrix/dog_sunglasses/support_v3_fixed_pert_shift/seed_10/masks/operation_v3_edit_mask.png,support_v3_fixed_pert_shift,,0.04606250301003456,shift,outputs/pretty_matrix/dog_sunglasses/support_v3_fixed_pert_shift/seed_10/result.png,55.83417176397052,10,/home/Wu_25R8111/rf_h_edit_project/data/pretty_free_candidates/unsplash_dog_front_malinois_PGlA5efHOiI.jpg,0.05542219802737236,A front-facing portrait of a dog in snow.,0.8990674147805431,0.10093258521945692,A front-facing portrait of the same dog wearing black sunglasses in snow.,dog_sunglasses
support_v3_controller_rmsgap,0.3206324875354767,0.04322943091392517,0.36386191844940186,True,baseline,,0.04050409226190476,baseline,0.0368303582072258,0.0760190337896347,0.2923314869403839,0.05993932485580444,0.35227081179618835,"182,86,322,242",outputs/pretty_matrix/mug_heart/support_v3_controller_rmsgap/seed_10/masks/operation_v3_edit_mask.png,support_v3_controller_rmsgap,,0.007690246682614088,,outputs/pretty_matrix/mug_heart/support_v3_controller_rmsgap/seed_10/result.png,55.68586693494581,10,/home/Wu_25R8111/rf_h_edit_project/data/pretty_free_candidates/pexels_white_mug_6312107.jpg,0.010457840748131275,A minimalist photo of a plain white ceramic mug on a grey background.,0.8684338296111612,0.13156617038883878,"A minimalist photo of the same white ceramic mug with a small red heart printed on the front, on the same grey background.",mug_heart
support_v3_controller_rmsgap,0.32092922925949097,0.0437486469745636,0.36467787623405457,True,baseline,,0.04050409226190476,baseline,0.0368303582072258,0.07590516656637192,0.29120299220085144,0.05911615490913391,0.35031914710998535,"182,86,322,242",outputs/pretty_matrix/mug_heart/support_v3_controller_rmsgap/seed_11/masks/operation_v3_edit_mask.png,support_v3_controller_rmsgap,,0.007678629830479622,,outputs/pretty_matrix/mug_heart/support_v3_controller_rmsgap/seed_11/result.png,55.63680581189692,11,/home/Wu_25R8111/rf_h_edit_project/data/pretty_free_candidates/pexels_white_mug_6312107.jpg,0.010442081838846207,A minimalist photo of a plain white ceramic mug on a grey background.,0.867867441659776,0.13213255834022397,"A minimalist photo of the same white ceramic mug with a small red heart printed on the front, on the same grey background.",mug_heart
support_v3_controller_rmsgap,0.31989216804504395,0.0435519814491272,0.36344414949417114,True,baseline,,0.04050409226190476,baseline,0.0368303582072258,0.0767437294125557,0.290810227394104,0.059521615505218506,0.3503318428993225,"182,86,322,242",outputs/pretty_matrix/mug_heart/support_v3_controller_rmsgap/seed_12/masks/operation_v3_edit_mask.png,support_v3_controller_rmsgap,,0.007729328703135252,,outputs/pretty_matrix/mug_heart/support_v3_controller_rmsgap/seed_12/result.png,52.30513237998821,12,/home/Wu_25R8111/rf_h_edit_project/data/pretty_free_candidates/pexels_white_mug_6312107.jpg,0.010524693876504898,A minimalist photo of a plain white ceramic mug on a grey background.,0.8671068717388233,0.13289312826117672,"A minimalist photo of the same white ceramic mug with a small red heart printed on the front, on the same grey background.",mug_heart
support_v3_controller_rmsgap,0.32452353835105896,0.050968289375305176,0.37549182772636414,True,050,0.5,0.04050409226190476,edit_strength,0.0368303582072258,0.05583639442920685,0.2941354215145111,0.06422555446624756,0.35836097598075867,"182,86,322,242",outputs/pretty_matrix/mug_heart/support_v3_controller_rmsgap_edit050/seed_10/masks/operation_v3_edit_mask.png,support_v3_controller_rmsgap_edit050,,0.007435895036906004,,outputs/pretty_matrix/mug_heart/support_v3_controller_rmsgap_edit050/seed_10/result.png,54.031500897952355,10,/home/Wu_25R8111/rf_h_edit_project/data/pretty_free_candidates/pexels_white_mug_6312107.jpg,0.00939631275832653,A minimalist photo of a plain white ceramic mug on a grey background.,0.9054354147041866,0.09456458529581335,"A minimalist photo of the same white ceramic mug with a small red heart printed on the front, on the same grey background.",mug_heart
support_v3_controller_rmsgap,0.3234022259712219,0.04520329833030701,0.36860552430152893,True,075,0.75,0.04050409226190476,edit_strength,0.0368303582072258,0.06879272311925888,0.2929631471633911,0.05940943956375122,0.35237258672714233,"182,86,322,242",outputs/pretty_matrix/mug_heart/support_v3_controller_rmsgap_edit075/seed_10/masks/operation_v3_edit_mask.png,support_v3_controller_rmsgap_edit075,,0.007504134904593229,,outputs/pretty_matrix/mug_heart/support_v3_controller_rmsgap_edit075/seed_10/result.png,51.638258830062114,10,/home/Wu_25R8111/rf_h_edit_project/data/pretty_free_candidates/pexels_white_mug_6312107.jpg,0.0099865747615695,A minimalist photo of a plain white ceramic mug on a grey background.,0.8796881900405352,0.12031180995946478,"A minimalist photo of the same white ceramic mug with a small red heart printed on the front, on the same grey background.",mug_heart
support_v3_controller_rmsgap,0.320893794298172,0.043876856565475464,0.36477065086364746,True,100,1.0,0.04050409226190476,edit_strength,0.0368303582072258,0.07648108899593353,0.2918316721916199,0.05981391668319702,0.3516455888748169,"182,86,322,242",outputs/pretty_matrix/mug_heart/support_v3_controller_rmsgap_edit100/seed_10/masks/operation_v3_edit_mask.png,support_v3_controller_rmsgap_edit100,,0.00771446293219924,,outputs/pretty_matrix/mug_heart/support_v3_controller_rmsgap_edit100/seed_10/result.png,53.540627634036355,10,/home/Wu_25R8111/rf_h_edit_project/data/pretty_free_candidates/pexels_white_mug_6312107.jpg,0.01049979217350483,A minimalist photo of a plain white ceramic mug on a grey background.,0.8679553536852896,0.13204464631471036,"A minimalist photo of the same white ceramic mug with a small red heart printed on the front, on the same grey background.",mug_heart
support_v3_controller_rmsgap,0.3191082179546356,0.04252025485038757,0.3616284728050232,True,125,1.25,0.04050409226190476,edit_strength,0.0368303582072258,0.08181320875883102,0.2945936322212219,0.06094369292259216,0.3555373251438141,"182,86,322,242",outputs/pretty_matrix/mug_heart/support_v3_controller_rmsgap_edit125/seed_10/masks/operation_v3_edit_mask.png,support_v3_controller_rmsgap_edit125,,0.00785684585571289,,outputs/pretty_matrix/mug_heart/support_v3_controller_rmsgap_edit125/seed_10/result.png,51.41648722998798,10,/home/Wu_25R8111/rf_h_edit_project/data/pretty_free_candidates/pexels_white_mug_6312107.jpg,0.010852382518351078,A minimalist photo of a plain white ceramic mug on a grey background.,0.8561312220586182,0.14386877794138175,"A minimalist photo of the same white ceramic mug with a small red heart printed on the front, on the same grey background.",mug_heart
support_v3_controller_rmsgap,0.31835004687309265,0.04431360960006714,0.3626636564731598,True,150,1.5,0.04050409226190476,edit_strength,0.0368303582072258,0.08468160778284073,0.29643893241882324,0.05691853165626526,0.3533574640750885,"182,86,322,242",outputs/pretty_matrix/mug_heart/support_v3_controller_rmsgap_edit150/seed_10/masks/operation_v3_edit_mask.png,support_v3_controller_rmsgap_edit150,,0.00805645901709795,,outputs/pretty_matrix/mug_heart/support_v3_controller_rmsgap_edit150/seed_10/result.png,53.9559012579266,10,/home/Wu_25R8111/rf_h_edit_project/data/pretty_free_candidates/pexels_white_mug_6312107.jpg,0.011160090565681458,A minimalist photo of a plain white ceramic mug on a grey background.,0.8522048095068195,0.14779519049318046,"A minimalist photo of the same white ceramic mug with a small red heart printed on the front, on the same grey background.",mug_heart
support_v3_controller_rmsgap,0.3255510926246643,0.045618683099746704,0.371169775724411,True,boundary_noise,,0.04050409226190476,support_perturb,0.0368303582072258,0.07123920321464539,0.29066458344459534,0.061654120683670044,0.3523187041282654,"182,86,322,242",outputs/pretty_matrix/mug_heart/support_v3_controller_rmsgap_pert_boundary_noise/seed_10/masks/operation_v3_edit_mask.png,support_v3_controller_rmsgap_pert_boundary_noise,,0.007616684306412935,boundary_noise,outputs/pretty_matrix/mug_heart/support_v3_controller_rmsgap_pert_boundary_noise/seed_10/result.png,47.340066128992476,10,/home/Wu_25R8111/rf_h_edit_project/data/pretty_free_candidates/pexels_white_mug_6312107.jpg,0.010193658992648125,A minimalist photo of a plain white ceramic mug on a grey background.,0.8774544707417752,0.12254552925822482,"A minimalist photo of the same white ceramic mug with a small red heart printed on the front, on the same grey background.",mug_heart
support_v3_controller_rmsgap,0.31099995970726013,0.047397345304489136,0.35839730501174927,True,dilate,,0.04050409226190476,support_perturb,0.0531994067132473,0.1063338965177536,0.2848357856273651,0.06056573987007141,0.3454015254974365,"182,86,322,242",outputs/pretty_matrix/mug_heart/support_v3_controller_rmsgap_pert_dilate/seed_10/masks/operation_v3_edit_mask.png,support_v3_controller_rmsgap_pert_dilate,,0.010259201750159264,dilate,outputs/pretty_matrix/mug_heart/support_v3_controller_rmsgap_pert_dilate/seed_10/result.png,51.38338630704675,10,/home/Wu_25R8111/rf_h_edit_project/data/pretty_free_candidates/pexels_white_mug_6312107.jpg,0.014150619506835938,A minimalist photo of a plain white ceramic mug on a grey background.,0.8174835206452614,0.18251647935473858,"A minimalist photo of the same white ceramic mug with a small red heart printed on the front, on the same grey background.",mug_heart
support_v3_controller_rmsgap,0.33454203605651855,0.05761200189590454,0.3921540379524231,True,erode,,0.04050409226190476,support_perturb,0.0234375,0.011536396108567715,0.3119750916957855,0.07008674740791321,0.38206183910369873,"182,86,322,242",outputs/pretty_matrix/mug_heart/support_v3_controller_rmsgap_pert_erode/seed_10/masks/operation_v3_edit_mask.png,support_v3_controller_rmsgap_pert_erode,,0.006891729775816202,erode,outputs/pretty_matrix/mug_heart/support_v3_controller_rmsgap_pert_erode/seed_10/result.png,53.08838821994141,10,/home/Wu_25R8111/rf_h_edit_project/data/pretty_free_candidates/pexels_white_mug_6312107.jpg,0.0070798578672111034,A minimalist photo of a plain white ceramic mug on a grey background.,0.9667998665019489,0.033200133498051065,"A minimalist photo of the same white ceramic mug with a small red heart printed on the front, on the same grey background.",mug_heart
support_v3_controller_rmsgap,0.32512643933296204,0.047239065170288086,0.3723655045032501,True,holes,,0.04050409226190476,support_perturb,0.032738097012043,0.07070735841989517,0.29540467262268066,0.06181216239929199,0.35721683502197266,"182,86,322,242",outputs/pretty_matrix/mug_heart/support_v3_controller_rmsgap_pert_holes/seed_10/masks/operation_v3_edit_mask.png,support_v3_controller_rmsgap_pert_holes,,0.007540272548794746,holes,outputs/pretty_matrix/mug_heart/support_v3_controller_rmsgap_pert_holes/seed_10/result.png,50.723965139943175,10,/home/Wu_25R8111/rf_h_edit_project/data/pretty_free_candidates/pexels_white_mug_6312107.jpg,0.01009879820048809,A minimalist photo of a plain white ceramic mug on a grey background.,0.879410112704051,0.120589887295949,"A minimalist photo of the same white ceramic mug with a small red heart printed on the front, on the same grey background.",mug_heart
support_v3_controller_rmsgap,0.3238445520401001,0.054409950971603394,0.3782545030117035,True,shift,,0.04050409226190476,support_perturb,0.0368303582072258,0.059262510389089584,0.31290262937545776,0.060144007205963135,0.3730466365814209,"182,86,322,242",outputs/pretty_matrix/mug_heart/support_v3_controller_rmsgap_pert_shift/seed_10/masks/operation_v3_edit_mask.png,support_v3_controller_rmsgap_pert_shift,,0.008662126027047634,shift,outputs/pretty_matrix/mug_heart/support_v3_controller_rmsgap_pert_shift/seed_10/result.png,47.021221879986115,10,/home/Wu_25R8111/rf_h_edit_project/data/pretty_free_candidates/pexels_white_mug_6312107.jpg,0.010711649432778358,A minimalist photo of a plain white ceramic mug on a grey background.,0.8984597848857648,0.10154021511423517,"A minimalist photo of the same white ceramic mug with a small red heart printed on the front, on the same grey background.",mug_heart
support_v3_fixed,0.3207850456237793,0.04222044348716736,0.36300548911094666,True,baseline,,0.04050409226190476,baseline,0.0368303582072258,0.07805880159139633,0.29168665409088135,0.05797857046127319,0.34966522455215454,"182,86,322,242",outputs/pretty_matrix/mug_heart/support_v3_fixed/seed_10/masks/operation_v3_edit_mask.png,support_v3_fixed,,0.007824107073247433,,outputs/pretty_matrix/mug_heart/support_v3_fixed/seed_10/result.png,51.91234807006549,10,/home/Wu_25R8111/rf_h_edit_project/data/pretty_free_candidates/pexels_white_mug_6312107.jpg,0.01066889800131321,A minimalist photo of a plain white ceramic mug on a grey background.,0.8645987639051997,0.13540123609480026,"A minimalist photo of the same white ceramic mug with a small red heart printed on the front, on the same grey background.",mug_heart
support_v3_fixed,0.3207196295261383,0.04284384846687317,0.3635634779930115,True,baseline,,0.04050409226190476,baseline,0.0368303582072258,0.07729339599609375,0.29221832752227783,0.05675920844078064,0.34897753596305847,"182,86,322,242",outputs/pretty_matrix/mug_heart/support_v3_fixed/seed_11/masks/operation_v3_edit_mask.png,support_v3_fixed,,0.007749737240374088,,outputs/pretty_matrix/mug_heart/support_v3_fixed/seed_11/result.png,49.565598658053204,11,/home/Wu_25R8111/rf_h_edit_project/data/pretty_free_candidates/pexels_white_mug_6312107.jpg,0.010566539131104946,A minimalist photo of a plain white ceramic mug on a grey background.,0.8656786714716417,0.13432132852835832,"A minimalist photo of the same white ceramic mug with a small red heart printed on the front, on the same grey background.",mug_heart
support_v3_fixed,0.3214878737926483,0.04191321134567261,0.3634010851383209,True,baseline,,0.04050409226190476,baseline,0.0368303582072258,0.07842274010181427,0.2919778823852539,0.05917659401893616,0.35115447640419006,"182,86,322,242",outputs/pretty_matrix/mug_heart/support_v3_fixed/seed_12/masks/operation_v3_edit_mask.png,support_v3_fixed,,0.007826047018170357,,outputs/pretty_matrix/mug_heart/support_v3_fixed/seed_12/result.png,51.89538862509653,12,/home/Wu_25R8111/rf_h_edit_project/data/pretty_free_candidates/pexels_white_mug_6312107.jpg,0.010685501620173454,A minimalist photo of a plain white ceramic mug on a grey background.,0.8637103001913815,0.1362896998086185,"A minimalist photo of the same white ceramic mug with a small red heart printed on the front, on the same grey background.",mug_heart
support_v3_fixed,0.3248053193092346,0.049120306968688965,0.3739256262779236,True,050,0.5,0.04050409226190476,edit_strength,0.0368303582072258,0.05911805480718613,0.29508915543556213,0.06215107440948486,0.357240229845047,"182,86,322,242",outputs/pretty_matrix/mug_heart/support_v3_fixed_edit050/seed_10/masks/operation_v3_edit_mask.png,support_v3_fixed_edit050,,0.007531228009611368,,outputs/pretty_matrix/mug_heart/support_v3_fixed_edit050/seed_10/result.png,50.918582818005234,10,/home/Wu_25R8111/rf_h_edit_project/data/pretty_free_candidates/pexels_white_mug_6312107.jpg,0.00962070468813181,A minimalist photo of a plain white ceramic mug on a grey background.,0.9034010593051056,0.09659894069489439,"A minimalist photo of the same white ceramic mug with a small red heart printed on the front, on the same grey background.",mug_heart
support_v3_fixed,0.3242061138153076,0.04493996500968933,0.36914607882499695,True,075,0.75,0.04050409226190476,edit_strength,0.0368303582072258,0.07120505720376968,0.29304197430610657,0.05827820301055908,0.35132017731666565,"182,86,322,242",outputs/pretty_matrix/mug_heart/support_v3_fixed_edit075/seed_10/masks/operation_v3_edit_mask.png,support_v3_fixed_edit075,,0.0076180631294846535,,outputs/pretty_matrix/mug_heart/support_v3_fixed_edit075/seed_10/result.png,54.92085831798613,10,/home/Wu_25R8111/rf_h_edit_project/data/pretty_free_candidates/pexels_white_mug_6312107.jpg,0.01019359566271305,A minimalist photo of a plain white ceramic mug on a grey background.,0.8775933403241583,0.12240665967584174,"A minimalist photo of the same white ceramic mug with a small red heart printed on the front, on the same grey background.",mug_heart
support_v3_fixed,0.32125866413116455,0.042412400245666504,0.36367106437683105,True,100,1.0,0.04050409226190476,edit_strength,0.0368303582072258,0.07819762080907822,0.2924721837043762,0.058993011713027954,0.3514651954174042,"182,86,322,242",outputs/pretty_matrix/mug_heart/support_v3_fixed_edit100/seed_10/masks/operation_v3_edit_mask.png,support_v3_fixed_edit100,,0.00781150721013546,,outputs/pretty_matrix/mug_heart/support_v3_fixed_edit100/seed_10/result.png,51.22222625208087,10,/home/Wu_25R8111/rf_h_edit_project/data/pretty_free_candidates/pexels_white_mug_6312107.jpg,0.010662434622645378,A minimalist photo of a plain white ceramic mug on a grey background.,0.8643264235489483,0.13567357645105171,"A minimalist photo of the same white ceramic mug with a small red heart printed on the front, on the same grey background.",mug_heart
support_v3_fixed,0.318903386592865,0.042800694704055786,0.3617040812969208,True,125,1.25,0.04050409226190476,edit_strength,0.0368303582072258,0.0827375128865242,0.29156774282455444,0.0615786612033844,0.35314640402793884,"182,86,322,242",outputs/pretty_matrix/mug_heart/support_v3_fixed_edit125/seed_10/masks/operation_v3_edit_mask.png,support_v3_fixed_edit125,,0.007879113778471947,,outputs/pretty_matrix/mug_heart/support_v3_fixed_edit125/seed_10/result.png,50.42256093095057,10,/home/Wu_25R8111/rf_h_edit_project/data/pretty_free_candidates/pexels_white_mug_6312107.jpg,0.0109111862257123,A minimalist photo of a plain white ceramic mug on a grey background.,0.853479644480844,0.146520355519156,"A minimalist photo of the same white ceramic mug with a small red heart printed on the front, on the same grey background.",mug_heart
support_v3_fixed,0.31784743070602417,0.04340428113937378,0.36125171184539795,True,150,1.5,0.04050409226190476,edit_strength,0.0368303582072258,0.0855925902724266,0.2923775315284729,0.058300286531448364,0.35067781805992126,"182,86,322,242",outputs/pretty_matrix/mug_heart/support_v3_fixed_edit150/seed_10/masks/operation_v3_edit_mask.png,support_v3_fixed_edit150,,0.008052198216319084,,outputs/pretty_matrix/mug_heart/support_v3_fixed_edit150/seed_10/result.png,51.926178690977395,10,/home/Wu_25R8111/rf_h_edit_project/data/pretty_free_candidates/pexels_white_mug_6312107.jpg,0.011192901991307735,A minimalist photo of a plain white ceramic mug on a grey background.,0.8497204424430814,0.15027955755691857,"A minimalist photo of the same white ceramic mug with a small red heart printed on the front, on the same grey background.",mug_heart
support_v3_fixed,0.32312944531440735,0.04399457573890686,0.3671240210533142,True,boundary_noise,,0.04050409226190476,support_perturb,0.0368303582072258,0.07305759936571121,0.29069066047668457,0.06057620048522949,0.35126686096191406,"182,86,322,242",outputs/pretty_matrix/mug_heart/support_v3_fixed_pert_boundary_noise/seed_10/masks/operation_v3_edit_mask.png,support_v3_fixed_pert_boundary_noise,,0.007737177889794111,boundary_noise,outputs/pretty_matrix/mug_heart/support_v3_fixed_pert_boundary_noise/seed_10/result.png,49.98006114095915,10,/home/Wu_25R8111/rf_h_edit_project/data/pretty_free_candidates/pexels_white_mug_6312107.jpg,0.010382919572293758,A minimalist photo of a plain white ceramic mug on a grey background.,0.8759082582496149,0.12409174175038507,"A minimalist photo of the same white ceramic mug with a small red heart printed on the front, on the same grey background.",mug_heart
support_v3_fixed,0.3105761706829071,0.0463944673538208,0.3569706380367279,True,dilate,,0.04050409226190476,support_perturb,0.0531994067132473,0.10649992525577545,0.2847234904766083,0.058145731687545776,0.34286922216415405,"182,86,322,242",outputs/pretty_matrix/mug_heart/support_v3_fixed_pert_dilate/seed_10/masks/operation_v3_edit_mask.png,support_v3_fixed_pert_dilate,,0.010291368700563908,dilate,outputs/pretty_matrix/mug_heart/support_v3_fixed_pert_dilate/seed_10/result.png,51.67944725800771,10,/home/Wu_25R8111/rf_h_edit_project/data/pretty_free_candidates/pexels_white_mug_6312107.jpg,0.014188209548592567,A minimalist photo of a plain white ceramic mug on a grey background.,0.8181826514973765,0.18181734850262354,"A minimalist photo of the same white ceramic mug with a small red heart printed on the front, on the same grey background.",mug_heart
support_v3_fixed,0.3346237540245056,0.05599135160446167,0.3906151056289673,True,erode,,0.04050409226190476,support_perturb,0.0234375,0.011746132746338844,0.3104135990142822,0.07080334424972534,0.38121694326400757,"182,86,322,242",outputs/pretty_matrix/mug_heart/support_v3_fixed_pert_erode/seed_10/masks/operation_v3_edit_mask.png,support_v3_fixed_pert_erode,,0.006889314390718937,erode,outputs/pretty_matrix/mug_heart/support_v3_fixed_pert_erode/seed_10/result.png,48.78546505700797,10,/home/Wu_25R8111/rf_h_edit_project/data/pretty_free_candidates/pexels_white_mug_6312107.jpg,0.007086034864187241,A minimalist photo of a plain white ceramic mug on a grey background.,0.9663481767127806,0.033651823287219385,"A minimalist photo of the same white ceramic mug with a small red heart printed on the front, on the same grey background.",mug_heart
support_v3_fixed,0.32590189576148987,0.04742872714996338,0.37333062291145325,True,holes,,0.04050409226190476,support_perturb,0.032738097012043,0.07122419774532318,0.2925170361995697,0.060585856437683105,0.3531028926372528,"182,86,322,242",outputs/pretty_matrix/mug_heart/support_v3_fixed_pert_holes/seed_10/masks/operation_v3_edit_mask.png,support_v3_fixed_pert_holes,,0.007624778430908918,holes,outputs/pretty_matrix/mug_heart/support_v3_fixed_pert_holes/seed_10/result.png,54.49778694298584,10,/home/Wu_25R8111/rf_h_edit_project/data/pretty_free_candidates/pexels_white_mug_6312107.jpg,0.010200814343988895,A minimalist photo of a plain white ceramic mug on a grey background.,0.8813724130917783,0.11862758690822173,"A minimalist photo of the same white ceramic mug with a small red heart printed on the front, on the same grey background.",mug_heart
support_v3_fixed,0.3205651342868805,0.0534915030002594,0.3740566372871399,True,shift,,0.04050409226190476,support_perturb,0.0368303582072258,0.06097059324383736,0.3112110495567322,0.05883979797363281,0.370050847530365,"182,86,322,242",outputs/pretty_matrix/mug_heart/support_v3_fixed_pert_shift/seed_10/masks/operation_v3_edit_mask.png,support_v3_fixed_pert_shift,,0.00880460161715746,shift,outputs/pretty_matrix/mug_heart/support_v3_fixed_pert_shift/seed_10/result.png,46.231468240963295,10,/home/Wu_25R8111/rf_h_edit_project/data/pretty_free_candidates/pexels_white_mug_6312107.jpg,0.010917536914348602,A minimalist photo of a plain white ceramic mug on a grey background.,0.8965733089862243,0.10342669101377566,"A minimalist photo of the same white ceramic mug with a small red heart printed on the front, on the same grey background.",mug_heart
